EmployeeID,Name,Department,Salary,City
1001,Alice Johnson,Engineering,85000,New York
1002,Bob Smith,Marketing,62000,Chicago
1003,Charlie Brown,Finance,71000,Houston
1004,Diana Miller,Engineering,88000,Seattle
1005,Ethan Davis,HR,56000,Boston
1006,Fiona Wilson,Engineering,91000,San Francisco
1007,George Taylor,Marketing,64000,Denver
1008,Hannah Moore,Finance,73000,Austin
1009,Ian Thomas,HR,59000,Miami
1010,Julia Anderson,Engineering,94000,San Diego
1011,Alice Johnson,Engineering,85000,New York
1012,Bob Smith,Marketing,62000,Chicago
1013,Charlie Brown,Finance,71000,Houston
1014,Diana Miller,Engineering,88000,Seattle
1015,Ethan Davis,HR,56000,Boston
1016,Fiona Wilson,Engineering,91000,San Francisco
1017,George Taylor,Marketing,64000,Denver
1018,Hannah Moore,Finance,73000,Austin
1019,Ian Thomas,HR,59000,Miami
1020,Julia Anderson,Engineering,94000,San Diego
1021,Alice Johnson,Engineering,85000,New York
1022,Bob Smith,Marketing,62000,Chicago
1023,Charlie Brown,Finance,71000,Houston
1024,Diana Miller,Engineering,88000,Seattle
1025,Ethan Davis,HR,56000,Boston
1026,Fiona Wilson,Engineering,91000,San Francisco
1027,George Taylor,Marketing,64000,Denver
1028,Hannah Moore,Finance,73000,Austin
1029,Ian Thomas,HR,59000,Miami
1030,Julia Anderson,Engineering,94000,San Diego
1031,Alice Johnson,Engineering,85000,New York
1032,Bob Smith,Marketing,62000,Chicago
1033,Charlie Brown,Finance,71000,Houston
1034,Diana Miller,Engineering,88000,Seattle
1035,Ethan Davis,HR,56000,Boston
1036,Fiona Wilson,Engineering,91000,San Francisco
1037,George Taylor,Marketing,64000,Denver
1038,Hannah Moore,Finance,73000,Austin
1039,Ian Thomas,HR,59000,Miami
1040,Julia Anderson,Engineering,94000,San Diego
1041,Alice Johnson,Engineering,85000,New York
1042,Bob Smith,Marketing,62000,Chicago
1043,Charlie Brown,Finance,71000,Houston
1044,Diana Miller,Engineering,88000,Seattle
1045,Ethan Davis,HR,56000,Boston
1046,Fiona Wilson,Engineering,91000,San Francisco
1047,George Taylor,Marketing,64000,Denver
1048,Hannah Moore,Finance,73000,Austin
1049,Ian Thomas,HR,59000,Miami
1050,Julia Anderson,Engineering,94000,San Diego
1051,Alice Johnson,Engineering,85000,New York
1052,Bob Smith,Marketing,62000,Chicago
1053,Charlie Brown,Finance,71000,Houston
1054,Diana Miller,Engineering,88000,Seattle
1055,Ethan Davis,HR,56000,Boston
1056,Fiona Wilson,Engineering,91000,San Francisco
1057,George Taylor,Marketing,64000,Denver
1058,Hannah Moore,Finance,73000,Austin
1059,Ian Thomas,HR,59000,Miami
1060,Julia Anderson,Engineering,94000,San Diego
1061,Alice Johnson,Engineering,85000,New York
1062,Bob Smith,Marketing,62000,Chicago
1063,Charlie Brown,Finance,71000,Houston
1064,Diana Miller,Engineering,88000,Seattle
1065,Ethan Davis,HR,56000,Boston
1066,Fiona Wilson,Engineering,91000,San Francisco
1067,George Taylor,Marketing,64000,Denver
1068,Hannah Moore,Finance,73000,Austin
1069,Ian Thomas,HR,59000,Miami
1070,Julia Anderson,Engineering,94000,San Diego
1071,Alice Johnson,Engineering,85000,New York
1072,Bob Smith,Marketing,62000,Chicago
1073,Charlie Brown,Finance,71000,Houston
1074,Diana Miller,Engineering,88000,Seattle
1075,Ethan Davis,HR,56000,Boston
1076,Fiona Wilson,Engineering,91000,San Francisco
1077,George Taylor,Marketing,64000,Denver
1078,Hannah Moore,Finance,73000,Austin
1079,Ian Thomas,HR,59000,Miami
1080,Julia Anderson,Engineering,94000,San Diego
1081,Alice Johnson,Engineering,85000,New York
1082,Bob Smith,Marketing,62000,Chicago
1083,Charlie Brown,Finance,71000,Houston
1084,Diana Miller,Engineering,88000,Seattle
1085,Ethan Davis,HR,56000,Boston
1086,Fiona Wilson,Engineering,91000,San Francisco
1087,George Taylor,Marketing,64000,Denver
1088,Hannah Moore,Finance,73000,Austin
1089,Ian Thomas,HR,59000,Miami
1090,Julia Anderson,Engineering,94000,San Diego
1091,Alice Johnson,Engineering,85000,New York
1092,Bob Smith,Marketing,62000,Chicago
1093,Charlie Brown,Finance,71000,Houston
1094,Diana Miller,Engineering,88000,Seattle
1095,Ethan Davis,HR,56000,Boston
1096,Fiona Wilson,Engineering,91000,San Francisco
1097,George Taylor,Marketing,64000,Denver
1098,Hannah Moore,Finance,73000,Austin
1099,Ian Thomas,HR,59000,Miami
1100,Julia Anderson,Engineering,94000,San Diego
1101,Alice Johnson,Engineering,85000,New York
1102,Bob Smith,Marketing,62000,Chicago
1103,Charlie Brown,Finance,71000,Houston
1104,Diana Miller,Engineering,88000,Seattle
1105,Ethan Davis,HR,56000,Boston
1106,Fiona Wilson,Engineering,91000,San Francisco
1107,George Taylor,Marketing,64000,Denver
1108,Hannah Moore,Finance,73000,Austin
1109,Ian Thomas,HR,59000,Miami
1110,Julia Anderson,Engineering,94000,San Diego
1111,Alice Johnson,Engineering,85000,New York
1112,Bob Smith,Marketing,62000,Chicago
1113,Charlie Brown,Finance,71000,Houston
1114,Diana Miller,Engineering,88000,Seattle
1115,Ethan Davis,HR,56000,Boston
1116,Fiona Wilson,Engineering,91000,San Francisco
1117,George Taylor,Marketing,64000,Denver
1118,Hannah Moore,Finance,73000,Austin
1119,Ian Thomas,HR,59000,Miami
1120,Julia Anderson,Engineering,94000,San Diego
1121,Alice Johnson,Engineering,85000,New York
1122,Bob Smith,Marketing,62000,Chicago
1123,Charlie Brown,Finance,71000,Houston
1124,Diana Miller,Engineering,88000,Seattle
1125,Ethan Davis,HR,56000,Boston
1126,Fiona Wilson,Engineering,91000,San Francisco
1127,George Taylor,Marketing,64000,Denver
1128,Hannah Moore,Finance,73000,Austin
1129,Ian Thomas,HR,59000,Miami
1130,Julia Anderson,Engineering,94000,San Diego
1131,Alice Johnson,Engineering,85000,New York
1132,Bob Smith,Marketing,62000,Chicago
1133,Charlie Brown,Finance,71000,Houston
1134,Diana Miller,Engineering,88000,Seattle
1135,Ethan Davis,HR,56000,Boston
1136,Fiona Wilson,Engineering,91000,San Francisco
1137,George Taylor,Marketing,64000,Denver
1138,Hannah Moore,Finance,73000,Austin
1139,Ian Thomas,HR,59000,Miami
1140,Julia Anderson,Engineering,94000,San Diego
1141,Alice Johnson,Engineering,85000,New York
1142,Bob Smith,Marketing,62000,Chicago
1143,Charlie Brown,Finance,71000,Houston
1144,Diana Miller,Engineering,88000,Seattle
1145,Ethan Davis,HR,56000,Boston
1146,Fiona Wilson,Engineering,91000,San Francisco
1147,George Taylor,Marketing,64000,Denver
1148,Hannah Moore,Finance,73000,Austin
1149,Ian Thomas,HR,59000,Miami
1150,Julia Anderson,Engineering,94000,San Diego
1151,Alice Johnson,Engineering,85000,New York
1152,Bob Smith,Marketing,62000,Chicago
1153,Charlie Brown,Finance,71000,Houston
1154,Diana Miller,Engineering,88000,Seattle
1155,Ethan Davis,HR,56000,Boston
1156,Fiona Wilson,Engineering,91000,San Francisco
1157,George Taylor,Marketing,64000,Denver
1158,Hannah Moore,Finance,73000,Austin
1159,Ian Thomas,HR,59000,Miami
1160,Julia Anderson,Engineering,94000,San Diego
1161,Alice Johnson,Engineering,85000,New York
1162,Bob Smith,Marketing,62000,Chicago
1163,Charlie Brown,Finance,71000,Houston
1164,Diana Miller,Engineering,88000,Seattle
1165,Ethan Davis,HR,56000,Boston
1166,Fiona Wilson,Engineering,91000,San Francisco
1167,George Taylor,Marketing,64000,Denver
1168,Hannah Moore,Finance,73000,Austin
1169,Ian Thomas,HR,59000,Miami
1170,Julia Anderson,Engineering,94000,San Diego
1171,Alice Johnson,Engineering,85000,New York
1172,Bob Smith,Marketing,62000,Chicago
1173,Charlie Brown,Finance,71000,Houston
1174,Diana Miller,Engineering,88000,Seattle
1175,Ethan Davis,HR,56000,Boston
1176,Fiona Wilson,Engineering,91000,San Francisco
1177,George Taylor,Marketing,64000,Denver
1178,Hannah Moore,Finance,73000,Austin
1179,Ian Thomas,HR,59000,Miami
1180,Julia Anderson,Engineering,94000,San Diego
1181,Alice Johnson,Engineering,85000,New York
1182,Bob Smith,Marketing,62000,Chicago
1183,Charlie Brown,Finance,71000,Houston
1184,Diana Miller,Engineering,88000,Seattle
1185,Ethan Davis,HR,56000,Boston
1186,Fiona Wilson,Engineering,91000,San Francisco
1187,George Taylor,Marketing,64000,Denver
1188,Hannah Moore,Finance,73000,Austin
1189,Ian Thomas,HR,59000,Miami
1190,Julia Anderson,Engineering,94000,San Diego
1191,Alice Johnson,Engineering,85000,New York
1192,Bob Smith,Marketing,62000,Chicago
1193,Charlie Brown,Finance,71000,Houston
1194,Diana Miller,Engineering,88000,Seattle
1195,Ethan Davis,HR,56000,Boston
1196,Fiona Wilson,Engineering,91000,San Francisco
1197,George Taylor,Marketing,64000,Denver
1198,Hannah Moore,Finance,73000,Austin
1199,Ian Thomas,HR,59000,Miami
1200,Julia Anderson,Engineering,94000,San Diego
1201,Alice Johnson,Engineering,85000,New York
1202,Bob Smith,Marketing,62000,Chicago
1203,Charlie Brown,Finance,71000,Houston
1204,Diana Miller,Engineering,88000,Seattle
1205,Ethan Davis,HR,56000,Boston
1206,Fiona Wilson,Engineering,91000,San Francisco
1207,George Taylor,Marketing,64000,Denver
1208,Hannah Moore,Finance,73000,Austin
1209,Ian Thomas,HR,59000,Miami
1210,Julia Anderson,Engineering,94000,San Diego
1211,Alice Johnson,Engineering,85000,New York
1212,Bob Smith,Marketing,62000,Chicago
1213,Charlie Brown,Finance,71000,Houston
1214,Diana Miller,Engineering,88000,Seattle
1215,Ethan Davis,HR,56000,Boston
1216,Fiona Wilson,Engineering,91000,San Francisco
1217,George Taylor,Marketing,64000,Denver
1218,Hannah Moore,Finance,73000,Austin
1219,Ian Thomas,HR,59000,Miami
1220,Julia Anderson,Engineering,94000,San Diego
1221,Alice Johnson,Engineering,85000,New York
1222,Bob Smith,Marketing,62000,Chicago
1223,Charlie Brown,Finance,71000,Houston
1224,Diana Miller,Engineering,88000,Seattle
1225,Ethan Davis,HR,56000,Boston
1226,Fiona Wilson,Engineering,91000,San Francisco
1227,George Taylor,Marketing,64000,Denver
1228,Hannah Moore,Finance,73000,Austin
1229,Ian Thomas,HR,59000,Miami
1230,Julia Anderson,Engineering,94000,San Diego
1231,Alice Johnson,Engineering,85000,New York
1232,Bob Smith,Marketing,62000,Chicago
1233,Charlie Brown,Finance,71000,Houston
1234,Diana Miller,Engineering,88000,Seattle
1235,Ethan Davis,HR,56000,Boston
1236,Fiona Wilson,Engineering,91000,San Francisco
1237,George Taylor,Marketing,64000,Denver
1238,Hannah Moore,Finance,73000,Austin
1239,Ian Thomas,HR,59000,Miami
1240,Julia Anderson,Engineering,94000,San Diego
1241,Alice Johnson,Engineering,85000,New York
1242,Bob Smith,Marketing,62000,Chicago
1243,Charlie Brown,Finance,71000,Houston
1244,Diana Miller,Engineering,88000,Seattle
1245,Ethan Davis,HR,56000,Boston
1246,Fiona Wilson,Engineering,91000,San Francisco
1247,George Taylor,Marketing,64000,Denver
1248,Hannah Moore,Finance,73000,Austin
1249,Ian Thomas,HR,59000,Miami
1250,Julia Anderson,Engineering,94000,San Diego
1251,Alice Johnson,Engineering,85000,New York
1252,Bob Smith,Marketing,62000,Chicago
1253,Charlie Brown,Finance,71000,Houston
1254,Diana Miller,Engineering,88000,Seattle
1255,Ethan Davis,HR,56000,Boston
1256,Fiona Wilson,Engineering,91000,San Francisco
1257,George Taylor,Marketing,64000,Denver
1258,Hannah Moore,Finance,73000,Austin
1259,Ian Thomas,HR,59000,Miami
1260,Julia Anderson,Engineering,94000,San Diego
1261,Alice Johnson,Engineering,85000,New York
1262,Bob Smith,Marketing,62000,Chicago
1263,Charlie Brown,Finance,71000,Houston
1264,Diana Miller,Engineering,88000,Seattle
1265,Ethan Davis,HR,56000,Boston
1266,Fiona Wilson,Engineering,91000,San Francisco
1267,George Taylor,Marketing,64000,Denver
1268,Hannah Moore,Finance,73000,Austin
1269,Ian Thomas,HR,59000,Miami
1270,Julia Anderson,Engineering,94000,San Diego
1271,Alice Johnson,Engineering,85000,New York
1272,Bob Smith,Marketing,62000,Chicago
1273,Charlie Brown,Finance,71000,Houston
1274,Diana Miller,Engineering,88000,Seattle
1275,Ethan Davis,HR,56000,Boston
1276,Fiona Wilson,Engineering,91000,San Francisco
1277,George Taylor,Marketing,64000,Denver
1278,Hannah Moore,Finance,73000,Austin
1279,Ian Thomas,HR,59000,Miami
1280,Julia Anderson,Engineering,94000,San Diego
1281,Alice Johnson,Engineering,85000,New York
1282,Bob Smith,Marketing,62000,Chicago
1283,Charlie Brown,Finance,71000,Houston
1284,Diana Miller,Engineering,88000,Seattle
1285,Ethan Davis,HR,56000,Boston
1286,Fiona Wilson,Engineering,91000,San Francisco
1287,George Taylor,Marketing,64000,Denver
1288,Hannah Moore,Finance,73000,Austin
1289,Ian Thomas,HR,59000,Miami
1290,Julia Anderson,Engineering,94000,San Diego
1291,Alice Johnson,Engineering,85000,New York
1292,Bob Smith,Marketing,62000,Chicago
1293,Charlie Brown,Finance,71000,Houston
1294,Diana Miller,Engineering,88000,Seattle
1295,Ethan Davis,HR,56000,Boston
1296,Fiona Wilson,Engineering,91000,San Francisco
1297,George Taylor,Marketing,64000,Denver
1298,Hannah Moore,Finance,73000,Austin
1299,Ian Thomas,HR,59000,Miami
1300,Julia Anderson,Engineering,94000,San Diego
1301,Alice Johnson,Engineering,85000,New York
1302,Bob Smith,Marketing,62000,Chicago
1303,Charlie Brown,Finance,71000,Houston
1304,Diana Miller,Engineering,88000,Seattle
1305,Ethan Davis,HR,56000,Boston
1306,Fiona Wilson,Engineering,91000,San Francisco
1307,George Taylor,Marketing,64000,Denver
1308,Hannah Moore,Finance,73000,Austin
1309,Ian Thomas,HR,59000,Miami
1310,Julia Anderson,Engineering,94000,San Diego
1311,Alice Johnson,Engineering,85000,New York
1312,Bob Smith,Marketing,62000,Chicago
1313,Charlie Brown,Finance,71000,Houston
1314,Diana Miller,Engineering,88000,Seattle
1315,Ethan Davis,HR,56000,Boston
1316,Fiona Wilson,Engineering,91000,San Francisco
1317,George Taylor,Marketing,64000,Denver
1318,Hannah Moore,Finance,73000,Austin
1319,Ian Thomas,HR,59000,Miami
1320,Julia Anderson,Engineering,94000,San Diego
1321,Alice Johnson,Engineering,85000,New York
1322,Bob Smith,Marketing,62000,Chicago
1323,Charlie Brown,Finance,71000,Houston
1324,Diana Miller,Engineering,88000,Seattle
1325,Ethan Davis,HR,56000,Boston
1326,Fiona Wilson,Engineering,91000,San Francisco
1327,George Taylor,Marketing,64000,Denver
1328,Hannah Moore,Finance,73000,Austin
1329,Ian Thomas,HR,59000,Miami
1330,Julia Anderson,Engineering,94000,San Diego
1331,Alice Johnson,Engineering,85000,New York
1332,Bob Smith,Marketing,62000,Chicago
1333,Charlie Brown,Finance,71000,Houston
1334,Diana Miller,Engineering,88000,Seattle
1335,Ethan Davis,HR,56000,Boston
1336,Fiona Wilson,Engineering,91000,San Francisco
1337,George Taylor,Marketing,64000,Denver
1338,Hannah Moore,Finance,73000,Austin
1339,Ian Thomas,HR,59000,Miami
1340,Julia Anderson,Engineering,94000,San Diego
1341,Alice Johnson,Engineering,85000,New York
1342,Bob Smith,Marketing,62000,Chicago
1343,Charlie Brown,Finance,71000,Houston
1344,Diana Miller,Engineering,88000,Seattle
1345,Ethan Davis,HR,56000,Boston
1346,Fiona Wilson,Engineering,91000,San Francisco
1347,George Taylor,Marketing,64000,Denver
1348,Hannah Moore,Finance,73000,Austin
1349,Ian Thomas,HR,59000,Miami
1350,Julia Anderson,Engineering,94000,San Diego
1351,Alice Johnson,Engineering,85000,New York
1352,Bob Smith,Marketing,62000,Chicago
1353,Charlie Brown,Finance,71000,Houston
1354,Diana Miller,Engineering,88000,Seattle
1355,Ethan Davis,HR,56000,Boston
1356,Fiona Wilson,Engineering,91000,San Francisco
1357,George Taylor,Marketing,64000,Denver
1358,Hannah Moore,Finance,73000,Austin
1359,Ian Thomas,HR,59000,Miami
1360,Julia Anderson,Engineering,94000,San Diego
1361,Alice Johnson,Engineering,85000,New York
1362,Bob Smith,Marketing,62000,Chicago
1363,Charlie Brown,Finance,71000,Houston
1364,Diana Miller,Engineering,88000,Seattle
1365,Ethan Davis,HR,56000,Boston
1366,Fiona Wilson,Engineering,91000,San Francisco
1367,George Taylor,Marketing,64000,Denver
1368,Hannah Moore,Finance,73000,Austin
1369,Ian Thomas,HR,59000,Miami
1370,Julia Anderson,Engineering,94000,San Diego
1371,Alice Johnson,Engineering,85000,New York
1372,Bob Smith,Marketing,62000,Chicago
1373,Charlie Brown,Finance,71000,Houston
1374,Diana Miller,Engineering,88000,Seattle
1375,Ethan Davis,HR,56000,Boston
1376,Fiona Wilson,Engineering,91000,San Francisco
1377,George Taylor,Marketing,64000,Denver
1378,Hannah Moore,Finance,73000,Austin
1379,Ian Thomas,HR,59000,Miami
1380,Julia Anderson,Engineering,94000,San Diego
1381,Alice Johnson,Engineering,85000,New York
1382,Bob Smith,Marketing,62000,Chicago
1383,Charlie Brown,Finance,71000,Houston
1384,Diana Miller,Engineering,88000,Seattle
1385,Ethan Davis,HR,56000,Boston
1386,Fiona Wilson,Engineering,91000,San Francisco
1387,George Taylor,Marketing,64000,Denver
1388,Hannah Moore,Finance,73000,Austin
1389,Ian Thomas,HR,59000,Miami
1390,Julia Anderson,Engineering,94000,San Diego
1391,Alice Johnson,Engineering,85000,New York
1392,Bob Smith,Marketing,62000,Chicago
1393,Charlie Brown,Finance,71000,Houston
1394,Diana Miller,Engineering,88000,Seattle
1395,Ethan Davis,HR,56000,Boston
1396,Fiona Wilson,Engineering,91000,San Francisco
1397,George Taylor,Marketing,64000,Denver
1398,Hannah Moore,Finance,73000,Austin
1399,Ian Thomas,HR,59000,Miami
1400,Julia Anderson,Engineering,94000,San Diego
1401,Alice Johnson,Engineering,85000,New York
1402,Bob Smith,Marketing,62000,Chicago
1403,Charlie Brown,Finance,71000,Houston
1404,Diana Miller,Engineering,88000,Seattle
1405,Ethan Davis,HR,56000,Boston
1406,Fiona Wilson,Engineering,91000,San Francisco
1407,George Taylor,Marketing,64000,Denver
1408,Hannah Moore,Finance,73000,Austin
1409,Ian Thomas,HR,59000,Miami
1410,Julia Anderson,Engineering,94000,San Diego
1411,Alice Johnson,Engineering,85000,New York
1412,Bob Smith,Marketing,62000,Chicago
1413,Charlie Brown,Finance,71000,Houston
1414,Diana Miller,Engineering,88000,Seattle
1415,Ethan Davis,HR,56000,Boston
1416,Fiona Wilson,Engineering,91000,San Francisco
1417,George Taylor,Marketing,64000,Denver
1418,Hannah Moore,Finance,73000,Austin
1419,Ian Thomas,HR,59000,Miami
1420,Julia Anderson,Engineering,94000,San Diego
1421,Alice Johnson,Engineering,85000,New York
1422,Bob Smith,Marketing,62000,Chicago
1423,Charlie Brown,Finance,71000,Houston
1424,Diana Miller,Engineering,88000,Seattle
1425,Ethan Davis,HR,56000,Boston
1426,Fiona Wilson,Engineering,91000,San Francisco
1427,George Taylor,Marketing,64000,Denver
1428,Hannah Moore,Finance,73000,Austin
1429,Ian Thomas,HR,59000,Miami
1430,Julia Anderson,Engineering,94000,San Diego
1431,Alice Johnson,Engineering,85000,New York
1432,Bob Smith,Marketing,62000,Chicago
1433,Charlie Brown,Finance,71000,Houston
1434,Diana Miller,Engineering,88000,Seattle
1435,Ethan Davis,HR,56000,Boston
1436,Fiona Wilson,Engineering,91000,San Francisco
1437,George Taylor,Marketing,64000,Denver
1438,Hannah Moore,Finance,73000,Austin
1439,Ian Thomas,HR,59000,Miami
1440,Julia Anderson,Engineering,94000,San Diego
1441,Alice Johnson,Engineering,85000,New York
1442,Bob Smith,Marketing,62000,Chicago
1443,Charlie Brown,Finance,71000,Houston
1444,Diana Miller,Engineering,88000,Seattle
1445,Ethan Davis,HR,56000,Boston
1446,Fiona Wilson,Engineering,91000,San Francisco
1447,George Taylor,Marketing,64000,Denver
1448,Hannah Moore,Finance,73000,Austin
1449,Ian Thomas,HR,59000,Miami
1450,Julia Anderson,Engineering,94000,San Diego
1451,Alice Johnson,Engineering,85000,New York
1452,Bob Smith,Marketing,62000,Chicago
1453,Charlie Brown,Finance,71000,Houston
1454,Diana Miller,Engineering,88000,Seattle
1455,Ethan Davis,HR,56000,Boston
1456,Fiona Wilson,Engineering,91000,San Francisco
1457,George Taylor,Marketing,64000,Denver
1458,Hannah Moore,Finance,73000,Austin
1459,Ian Thomas,HR,59000,Miami
1460,Julia Anderson,Engineering,94000,San Diego
1461,Alice Johnson,Engineering,85000,New York
1462,Bob Smith,Marketing,62000,Chicago
1463,Charlie Brown,Finance,71000,Houston
1464,Diana Miller,Engineering,88000,Seattle
1465,Ethan Davis,HR,56000,Boston
1466,Fiona Wilson,Engineering,91000,San Francisco
1467,George Taylor,Marketing,64000,Denver
1468,Hannah Moore,Finance,73000,Austin
1469,Ian Thomas,HR,59000,Miami
1470,Julia Anderson,Engineering,94000,San Diego
1471,Alice Johnson,Engineering,85000,New York
1472,Bob Smith,Marketing,62000,Chicago
1473,Charlie Brown,Finance,71000,Houston
1474,Diana Miller,Engineering,88000,Seattle
1475,Ethan Davis,HR,56000,Boston
1476,Fiona Wilson,Engineering,91000,San Francisco
1477,George Taylor,Marketing,64000,Denver
1478,Hannah Moore,Finance,73000,Austin
1479,Ian Thomas,HR,59000,Miami
1480,Julia Anderson,Engineering,94000,San Diego
1481,Alice Johnson,Engineering,85000,New York
1482,Bob Smith,Marketing,62000,Chicago
1483,Charlie Brown,Finance,71000,Houston
1484,Diana Miller,Engineering,88000,Seattle
1485,Ethan Davis,HR,56000,Boston
1486,Fiona Wilson,Engineering,91000,San Francisco
1487,George Taylor,Marketing,64000,Denver
1488,Hannah Moore,Finance,73000,Austin
1489,Ian Thomas,HR,59000,Miami
1490,Julia Anderson,Engineering,94000,San Diego
1491,Alice Johnson,Engineering,85000,New York
1492,Bob Smith,Marketing,62000,Chicago
1493,Charlie Brown,Finance,71000,Houston
1494,Diana Miller,Engineering,88000,Seattle
1495,Ethan Davis,HR,56000,Boston
1496,Fiona Wilson,Engineering,91000,San Francisco
1497,George Taylor,Marketing,64000,Denver
1498,Hannah Moore,Finance,73000,Austin
1499,Ian Thomas,HR,59000,Miami
1500,Julia Anderson,Engineering,94000,San Diego
1501,Alice Johnson,Engineering,85000,New York
1502,Bob Smith,Marketing,62000,Chicago
1503,Charlie Brown,Finance,71000,Houston
1504,Diana Miller,Engineering,88000,Seattle
1505,Ethan Davis,HR,56000,Boston
1506,Fiona Wilson,Engineering,91000,San Francisco
1507,George Taylor,Marketing,64000,Denver
1508,Hannah Moore,Finance,73000,Austin
1509,Ian Thomas,HR,59000,Miami
1510,Julia Anderson,Engineering,94000,San Diego
1511,Alice Johnson,Engineering,85000,New York
1512,Bob Smith,Marketing,62000,Chicago
1513,Charlie Brown,Finance,71000,Houston
1514,Diana Miller,Engineering,88000,Seattle
1515,Ethan Davis,HR,56000,Boston
1516,Fiona Wilson,Engineering,91000,San Francisco
1517,George Taylor,Marketing,64000,Denver
1518,Hannah Moore,Finance,73000,Austin
1519,Ian Thomas,HR,59000,Miami
1520,Julia Anderson,Engineering,94000,San Diego
1521,Alice Johnson,Engineering,85000,New York
1522,Bob Smith,Marketing,62000,Chicago
1523,Charlie Brown,Finance,71000,Houston
1524,Diana Miller,Engineering,88000,Seattle
1525,Ethan Davis,HR,56000,Boston
1526,Fiona Wilson,Engineering,91000,San Francisco
1527,George Taylor,Marketing,64000,Denver
1528,Hannah Moore,Finance,73000,Austin
1529,Ian Thomas,HR,59000,Miami
1530,Julia Anderson,Engineering,94000,San Diego
1531,Alice Johnson,Engineering,85000,New York
1532,Bob Smith,Marketing,62000,Chicago
1533,Charlie Brown,Finance,71000,Houston
1534,Diana Miller,Engineering,88000,Seattle
1535,Ethan Davis,HR,56000,Boston
1536,Fiona Wilson,Engineering,91000,San Francisco
1537,George Taylor,Marketing,64000,Denver
1538,Hannah Moore,Finance,73000,Austin
1539,Ian Thomas,HR,59000,Miami
1540,Julia Anderson,Engineering,94000,San Diego
1541,Alice Johnson,Engineering,85000,New York
1542,Bob Smith,Marketing,62000,Chicago
1543,Charlie Brown,Finance,71000,Houston
1544,Diana Miller,Engineering,88000,Seattle
1545,Ethan Davis,HR,56000,Boston
1546,Fiona Wilson,Engineering,91000,San Francisco
1547,George Taylor,Marketing,64000,Denver
1548,Hannah Moore,Finance,73000,Austin
1549,Ian Thomas,HR,59000,Miami
1550,Julia Anderson,Engineering,94000,San Diego
1551,Alice Johnson,Engineering,85000,New York
1552,Bob Smith,Marketing,62000,Chicago
1553,Charlie Brown,Finance,71000,Houston
1554,Diana Miller,Engineering,88000,Seattle
1555,Ethan Davis,HR,56000,Boston
1556,Fiona Wilson,Engineering,91000,San Francisco
1557,George Taylor,Marketing,64000,Denver
1558,Hannah Moore,Finance,73000,Austin
1559,Ian Thomas,HR,59000,Miami
1560,Julia Anderson,Engineering,94000,San Diego
1561,Alice Johnson,Engineering,85000,New York
1562,Bob Smith,Marketing,62000,Chicago
1563,Charlie Brown,Finance,71000,Houston
1564,Diana Miller,Engineering,88000,Seattle
1565,Ethan Davis,HR,56000,Boston
1566,Fiona Wilson,Engineering,91000,San Francisco
1567,George Taylor,Marketing,64000,Denver
1568,Hannah Moore,Finance,73000,Austin
1569,Ian Thomas,HR,59000,Miami
1570,Julia Anderson,Engineering,94000,San Diego
1571,Alice Johnson,Engineering,85000,New York
1572,Bob Smith,Marketing,62000,Chicago
1573,Charlie Brown,Finance,71000,Houston
1574,Diana Miller,Engineering,88000,Seattle
1575,Ethan Davis,HR,56000,Boston
1576,Fiona Wilson,Engineering,91000,San Francisco
1577,George Taylor,Marketing,64000,Denver
1578,Hannah Moore,Finance,73000,Austin
1579,Ian Thomas,HR,59000,Miami
1580,Julia Anderson,Engineering,94000,San Diego
1581,Alice Johnson,Engineering,85000,New York
1582,Bob Smith,Marketing,62000,Chicago
1583,Charlie Brown,Finance,71000,Houston
1584,Diana Miller,Engineering,88000,Seattle
1585,Ethan Davis,HR,56000,Boston
1586,Fiona Wilson,Engineering,91000,San Francisco
1587,George Taylor,Marketing,64000,Denver
1588,Hannah Moore,Finance,73000,Austin
1589,Ian Thomas,HR,59000,Miami
1590,Julia Anderson,Engineering,94000,San Diego
1591,Alice Johnson,Engineering,85000,New York
1592,Bob Smith,Marketing,62000,Chicago
1593,Charlie Brown,Finance,71000,Houston
1594,Diana Miller,Engineering,88000,Seattle
1595,Ethan Davis,HR,56000,Boston
1596,Fiona Wilson,Engineering,91000,San Francisco
1597,George Taylor,Marketing,64000,Denver
1598,Hannah Moore,Finance,73000,Austin
1599,Ian Thomas,HR,59000,Miami
1600,Julia Anderson,Engineering,94000,San Diego
1601,Alice Johnson,Engineering,85000,New York
1602,Bob Smith,Marketing,62000,Chicago
1603,Charlie Brown,Finance,71000,Houston
1604,Diana Miller,Engineering,88000,Seattle
1605,Ethan Davis,HR,56000,Boston
1606,Fiona Wilson,Engineering,91000,San Francisco
1607,George Taylor,Marketing,64000,Denver
1608,Hannah Moore,Finance,73000,Austin
1609,Ian Thomas,HR,59000,Miami
1610,Julia Anderson,Engineering,94000,San Diego
1611,Alice Johnson,Engineering,85000,New York
1612,Bob Smith,Marketing,62000,Chicago
1613,Charlie Brown,Finance,71000,Houston
1614,Diana Miller,Engineering,88000,Seattle
1615,Ethan Davis,HR,56000,Boston
1616,Fiona Wilson,Engineering,91000,San Francisco
1617,George Taylor,Marketing,64000,Denver
1618,Hannah Moore,Finance,73000,Austin
1619,Ian Thomas,HR,59000,Miami
1620,Julia Anderson,Engineering,94000,San Diego
1621,Alice Johnson,Engineering,85000,New York
1622,Bob Smith,Marketing,62000,Chicago
1623,Charlie Brown,Finance,71000,Houston
1624,Diana Miller,Engineering,88000,Seattle
1625,Ethan Davis,HR,56000,Boston
1626,Fiona Wilson,Engineering,91000,San Francisco
1627,George Taylor,Marketing,64000,Denver
1628,Hannah Moore,Finance,73000,Austin
1629,Ian Thomas,HR,59000,Miami
1630,Julia Anderson,Engineering,94000,San Diego
1631,Alice Johnson,Engineering,85000,New York
1632,Bob Smith,Marketing,62000,Chicago
1633,Charlie Brown,Finance,71000,Houston
1634,Diana Miller,Engineering,88000,Seattle
1635,Ethan Davis,HR,56000,Boston
1636,Fiona Wilson,Engineering,91000,San Francisco
1637,George Taylor,Marketing,64000,Denver
1638,Hannah Moore,Finance,73000,Austin
1639,Ian Thomas,HR,59000,Miami
1640,Julia Anderson,Engineering,94000,San Diego
1641,Alice Johnson,Engineering,85000,New York
1642,Bob Smith,Marketing,62000,Chicago
1643,Charlie Brown,Finance,71000,Houston
1644,Diana Miller,Engineering,88000,Seattle
1645,Ethan Davis,HR,56000,Boston
1646,Fiona Wilson,Engineering,91000,San Francisco
1647,George Taylor,Marketing,64000,Denver
1648,Hannah Moore,Finance,73000,Austin
1649,Ian Thomas,HR,59000,Miami
1650,Julia Anderson,Engineering,94000,San Diego
1651,Alice Johnson,Engineering,85000,New York
1652,Bob Smith,Marketing,62000,Chicago
1653,Charlie Brown,Finance,71000,Houston
1654,Diana Miller,Engineering,88000,Seattle
1655,Ethan Davis,HR,56000,Boston
1656,Fiona Wilson,Engineering,91000,San Francisco
1657,George Taylor,Marketing,64000,Denver
1658,Hannah Moore,Finance,73000,Austin
1659,Ian Thomas,HR,59000,Miami
1660,Julia Anderson,Engineering,94000,San Diego
1661,Alice Johnson,Engineering,85000,New York
1662,Bob Smith,Marketing,62000,Chicago
1663,Charlie Brown,Finance,71000,Houston
1664,Diana Miller,Engineering,88000,Seattle
1665,Ethan Davis,HR,56000,Boston
1666,Fiona Wilson,Engineering,91000,San Francisco
1667,George Taylor,Marketing,64000,Denver
1668,Hannah Moore,Finance,73000,Austin
1669,Ian Thomas,HR,59000,Miami
1670,Julia Anderson,Engineering,94000,San Diego
1671,Alice Johnson,Engineering,85000,New York
1672,Bob Smith,Marketing,62000,Chicago
1673,Charlie Brown,Finance,71000,Houston
1674,Diana Miller,Engineering,88000,Seattle
1675,Ethan Davis,HR,56000,Boston
1676,Fiona Wilson,Engineering,91000,San Francisco
1677,George Taylor,Marketing,64000,Denver
1678,Hannah Moore,Finance,73000,Austin
1679,Ian Thomas,HR,59000,Miami
1680,Julia Anderson,Engineering,94000,San Diego
1681,Alice Johnson,Engineering,85000,New York
1682,Bob Smith,Marketing,62000,Chicago
1683,Charlie Brown,Finance,71000,Houston
1684,Diana Miller,Engineering,88000,Seattle
1685,Ethan Davis,HR,56000,Boston
1686,Fiona Wilson,Engineering,91000,San Francisco
1687,George Taylor,Marketing,64000,Denver
1688,Hannah Moore,Finance,73000,Austin
1689,Ian Thomas,HR,59000,Miami
1690,Julia Anderson,Engineering,94000,San Diego
1691,Alice Johnson,Engineering,85000,New York
1692,Bob Smith,Marketing,62000,Chicago
1693,Charlie Brown,Finance,71000,Houston
1694,Diana Miller,Engineering,88000,Seattle
1695,Ethan Davis,HR,56000,Boston
1696,Fiona Wilson,Engineering,91000,San Francisco
1697,George Taylor,Marketing,64000,Denver
1698,Hannah Moore,Finance,73000,Austin
1699,Ian Thomas,HR,59000,Miami
1700,Julia Anderson,Engineering,94000,San Diego
1701,Alice Johnson,Engineering,85000,New York
1702,Bob Smith,Marketing,62000,Chicago
1703,Charlie Brown,Finance,71000,Houston
1704,Diana Miller,Engineering,88000,Seattle
1705,Ethan Davis,HR,56000,Boston
1706,Fiona Wilson,Engineering,91000,San Francisco
1707,George Taylor,Marketing,64000,Denver
1708,Hannah Moore,Finance,73000,Austin
1709,Ian Thomas,HR,59000,Miami
1710,Julia Anderson,Engineering,94000,San Diego
1711,Alice Johnson,Engineering,85000,New York
1712,Bob Smith,Marketing,62000,Chicago
1713,Charlie Brown,Finance,71000,Houston
1714,Diana Miller,Engineering,88000,Seattle
1715,Ethan Davis,HR,56000,Boston
1716,Fiona Wilson,Engineering,91000,San Francisco
1717,George Taylor,Marketing,64000,Denver
1718,Hannah Moore,Finance,73000,Austin
1719,Ian Thomas,HR,59000,Miami
1720,Julia Anderson,Engineering,94000,San Diego
1721,Alice Johnson,Engineering,85000,New York
1722,Bob Smith,Marketing,62000,Chicago
1723,Charlie Brown,Finance,71000,Houston
1724,Diana Miller,Engineering,88000,Seattle
1725,Ethan Davis,HR,56000,Boston
1726,Fiona Wilson,Engineering,91000,San Francisco
1727,George Taylor,Marketing,64000,Denver
1728,Hannah Moore,Finance,73000,Austin
1729,Ian Thomas,HR,59000,Miami
1730,Julia Anderson,Engineering,94000,San Diego
1731,Alice Johnson,Engineering,85000,New York
1732,Bob Smith,Marketing,62000,Chicago
1733,Charlie Brown,Finance,71000,Houston
1734,Diana Miller,Engineering,88000,Seattle
1735,Ethan Davis,HR,56000,Boston
1736,Fiona Wilson,Engineering,91000,San Francisco
1737,George Taylor,Marketing,64000,Denver
1738,Hannah Moore,Finance,73000,Austin
1739,Ian Thomas,HR,59000,Miami
1740,Julia Anderson,Engineering,94000,San Diego
1741,Alice Johnson,Engineering,85000,New York
1742,Bob Smith,Marketing,62000,Chicago
1743,Charlie Brown,Finance,71000,Houston
1744,Diana Miller,Engineering,88000,Seattle
1745,Ethan Davis,HR,56000,Boston
1746,Fiona Wilson,Engineering,91000,San Francisco
1747,George Taylor,Marketing,64000,Denver
1748,Hannah Moore,Finance,73000,Austin
1749,Ian Thomas,HR,59000,Miami
1750,Julia Anderson,Engineering,94000,San Diego
1751,Alice Johnson,Engineering,85000,New York
1752,Bob Smith,Marketing,62000,Chicago
1753,Charlie Brown,Finance,71000,Houston
1754,Diana Miller,Engineering,88000,Seattle
1755,Ethan Davis,HR,56000,Boston
1756,Fiona Wilson,Engineering,91000,San Francisco
1757,George Taylor,Marketing,64000,Denver
1758,Hannah Moore,Finance,73000,Austin
1759,Ian Thomas,HR,59000,Miami
1760,Julia Anderson,Engineering,94000,San Diego
1761,Alice Johnson,Engineering,85000,New York
1762,Bob Smith,Marketing,62000,Chicago
1763,Charlie Brown,Finance,71000,Houston
1764,Diana Miller,Engineering,88000,Seattle
1765,Ethan Davis,HR,56000,Boston
1766,Fiona Wilson,Engineering,91000,San Francisco
1767,George Taylor,Marketing,64000,Denver
1768,Hannah Moore,Finance,73000,Austin
1769,Ian Thomas,HR,59000,Miami
1770,Julia Anderson,Engineering,94000,San Diego
1771,Alice Johnson,Engineering,85000,New York
1772,Bob Smith,Marketing,62000,Chicago
1773,Charlie Brown,Finance,71000,Houston
1774,Diana Miller,Engineering,88000,Seattle
1775,Ethan Davis,HR,56000,Boston
1776,Fiona Wilson,Engineering,91000,San Francisco
1777,George Taylor,Marketing,64000,Denver
1778,Hannah Moore,Finance,73000,Austin
1779,Ian Thomas,HR,59000,Miami
1780,Julia Anderson,Engineering,94000,San Diego
1781,Alice Johnson,Engineering,85000,New York
1782,Bob Smith,Marketing,62000,Chicago
1783,Charlie Brown,Finance,71000,Houston
1784,Diana Miller,Engineering,88000,Seattle
1785,Ethan Davis,HR,56000,Boston
1786,Fiona Wilson,Engineering,91000,San Francisco
1787,George Taylor,Marketing,64000,Denver
1788,Hannah Moore,Finance,73000,Austin
1789,Ian Thomas,HR,59000,Miami
1790,Julia Anderson,Engineering,94000,San Diego
1791,Alice Johnson,Engineering,85000,New York
1792,Bob Smith,Marketing,62000,Chicago
1793,Charlie Brown,Finance,71000,Houston
1794,Diana Miller,Engineering,88000,Seattle
1795,Ethan Davis,HR,56000,Boston
1796,Fiona Wilson,Engineering,91000,San Francisco
1797,George Taylor,Marketing,64000,Denver
1798,Hannah Moore,Finance,73000,Austin
1799,Ian Thomas,HR,59000,Miami
1800,Julia Anderson,Engineering,94000,San Diego
1801,Alice Johnson,Engineering,85000,New York
1802,Bob Smith,Marketing,62000,Chicago
1803,Charlie Brown,Finance,71000,Houston
1804,Diana Miller,Engineering,88000,Seattle
1805,Ethan Davis,HR,56000,Boston
1806,Fiona Wilson,Engineering,91000,San Francisco
1807,George Taylor,Marketing,64000,Denver
1808,Hannah Moore,Finance,73000,Austin
1809,Ian Thomas,HR,59000,Miami
1810,Julia Anderson,Engineering,94000,San Diego
1811,Alice Johnson,Engineering,85000,New York
1812,Bob Smith,Marketing,62000,Chicago
1813,Charlie Brown,Finance,71000,Houston
1814,Diana Miller,Engineering,88000,Seattle
1815,Ethan Davis,HR,56000,Boston
1816,Fiona Wilson,Engineering,91000,San Francisco
1817,George Taylor,Marketing,64000,Denver
1818,Hannah Moore,Finance,73000,Austin
1819,Ian Thomas,HR,59000,Miami
1820,Julia Anderson,Engineering,94000,San Diego
1821,Alice Johnson,Engineering,85000,New York
1822,Bob Smith,Marketing,62000,Chicago
1823,Charlie Brown,Finance,71000,Houston
1824,Diana Miller,Engineering,88000,Seattle
1825,Ethan Davis,HR,56000,Boston
1826,Fiona Wilson,Engineering,91000,San Francisco
1827,George Taylor,Marketing,64000,Denver
1828,Hannah Moore,Finance,73000,Austin
1829,Ian Thomas,HR,59000,Miami
1830,Julia Anderson,Engineering,94000,San Diego
1831,Alice Johnson,Engineering,85000,New York
1832,Bob Smith,Marketing,62000,Chicago
1833,Charlie Brown,Finance,71000,Houston
1834,Diana Miller,Engineering,88000,Seattle
1835,Ethan Davis,HR,56000,Boston
1836,Fiona Wilson,Engineering,91000,San Francisco
1837,George Taylor,Marketing,64000,Denver
1838,Hannah Moore,Finance,73000,Austin
1839,Ian Thomas,HR,59000,Miami
1840,Julia Anderson,Engineering,94000,San Diego
1841,Alice Johnson,Engineering,85000,New York
1842,Bob Smith,Marketing,62000,Chicago
1843,Charlie Brown,Finance,71000,Houston
1844,Diana Miller,Engineering,88000,Seattle
1845,Ethan Davis,HR,56000,Boston
1846,Fiona Wilson,Engineering,91000,San Francisco
1847,George Taylor,Marketing,64000,Denver
1848,Hannah Moore,Finance,73000,Austin
1849,Ian Thomas,HR,59000,Miami
1850,Julia Anderson,Engineering,94000,San Diego
1851,Alice Johnson,Engineering,85000,New York
1852,Bob Smith,Marketing,62000,Chicago
1853,Charlie Brown,Finance,71000,Houston
1854,Diana Miller,Engineering,88000,Seattle
1855,Ethan Davis,HR,56000,Boston
1856,Fiona Wilson,Engineering,91000,San Francisco
1857,George Taylor,Marketing,64000,Denver
1858,Hannah Moore,Finance,73000,Austin
1859,Ian Thomas,HR,59000,Miami
1860,Julia Anderson,Engineering,94000,San Diego
1861,Alice Johnson,Engineering,85000,New York
1862,Bob Smith,Marketing,62000,Chicago
1863,Charlie Brown,Finance,71000,Houston
1864,Diana Miller,Engineering,88000,Seattle
1865,Ethan Davis,HR,56000,Boston
1866,Fiona Wilson,Engineering,91000,San Francisco
1867,George Taylor,Marketing,64000,Denver
1868,Hannah Moore,Finance,73000,Austin
1869,Ian Thomas,HR,59000,Miami
1870,Julia Anderson,Engineering,94000,San Diego
1871,Alice Johnson,Engineering,85000,New York
1872,Bob Smith,Marketing,62000,Chicago
1873,Charlie Brown,Finance,71000,Houston
1874,Diana Miller,Engineering,88000,Seattle
1875,Ethan Davis,HR,56000,Boston
1876,Fiona Wilson,Engineering,91000,San Francisco
1877,George Taylor,Marketing,64000,Denver
1878,Hannah Moore,Finance,73000,Austin
1879,Ian Thomas,HR,59000,Miami
1880,Julia Anderson,Engineering,94000,San Diego
1881,Alice Johnson,Engineering,85000,New York
1882,Bob Smith,Marketing,62000,Chicago
1883,Charlie Brown,Finance,71000,Houston
1884,Diana Miller,Engineering,88000,Seattle
1885,Ethan Davis,HR,56000,Boston
1886,Fiona Wilson,Engineering,91000,San Francisco
1887,George Taylor,Marketing,64000,Denver
1888,Hannah Moore,Finance,73000,Austin
1889,Ian Thomas,HR,59000,Miami
1890,Julia Anderson,Engineering,94000,San Diego
1891,Alice Johnson,Engineering,85000,New York
1892,Bob Smith,Marketing,62000,Chicago
1893,Charlie Brown,Finance,71000,Houston
1894,Diana Miller,Engineering,88000,Seattle
1895,Ethan Davis,HR,56000,Boston
1896,Fiona Wilson,Engineering,91000,San Francisco
1897,George Taylor,Marketing,64000,Denver
1898,Hannah Moore,Finance,73000,Austin
1899,Ian Thomas,HR,59000,Miami
1900,Julia Anderson,Engineering,94000,San Diego
1901,Alice Johnson,Engineering,85000,New York
1902,Bob Smith,Marketing,62000,Chicago
1903,Charlie Brown,Finance,71000,Houston
1904,Diana Miller,Engineering,88000,Seattle
1905,Ethan Davis,HR,56000,Boston
1906,Fiona Wilson,Engineering,91000,San Francisco
1907,George Taylor,Marketing,64000,Denver
1908,Hannah Moore,Finance,73000,Austin
1909,Ian Thomas,HR,59000,Miami
1910,Julia Anderson,Engineering,94000,San Diego
1911,Alice Johnson,Engineering,85000,New York
1912,Bob Smith,Marketing,62000,Chicago
1913,Charlie Brown,Finance,71000,Houston
1914,Diana Miller,Engineering,88000,Seattle
1915,Ethan Davis,HR,56000,Boston
1916,Fiona Wilson,Engineering,91000,San Francisco
1917,George Taylor,Marketing,64000,Denver
1918,Hannah Moore,Finance,73000,Austin
1919,Ian Thomas,HR,59000,Miami
1920,Julia Anderson,Engineering,94000,San Diego
1921,Alice Johnson,Engineering,85000,New York
1922,Bob Smith,Marketing,62000,Chicago
1923,Charlie Brown,Finance,71000,Houston
1924,Diana Miller,Engineering,88000,Seattle
1925,Ethan Davis,HR,56000,Boston
1926,Fiona Wilson,Engineering,91000,San Francisco
1927,George Taylor,Marketing,64000,Denver
1928,Hannah Moore,Finance,73000,Austin
1929,Ian Thomas,HR,59000,Miami
1930,Julia Anderson,Engineering,94000,San Diego
1931,Alice Johnson,Engineering,85000,New York
1932,Bob Smith,Marketing,62000,Chicago
1933,Charlie Brown,Finance,71000,Houston
1934,Diana Miller,Engineering,88000,Seattle
1935,Ethan Davis,HR,56000,Boston
1936,Fiona Wilson,Engineering,91000,San Francisco
1937,George Taylor,Marketing,64000,Denver
1938,Hannah Moore,Finance,73000,Austin
1939,Ian Thomas,HR,59000,Miami
1940,Julia Anderson,Engineering,94000,San Diego
1941,Alice Johnson,Engineering,85000,New York
1942,Bob Smith,Marketing,62000,Chicago
1943,Charlie Brown,Finance,71000,Houston
1944,Diana Miller,Engineering,88000,Seattle
1945,Ethan Davis,HR,56000,Boston
1946,Fiona Wilson,Engineering,91000,San Francisco
1947,George Taylor,Marketing,64000,Denver
1948,Hannah Moore,Finance,73000,Austin
1949,Ian Thomas,HR,59000,Miami
1950,Julia Anderson,Engineering,94000,San Diego
1951,Alice Johnson,Engineering,85000,New York
1952,Bob Smith,Marketing,62000,Chicago
1953,Charlie Brown,Finance,71000,Houston
1954,Diana Miller,Engineering,88000,Seattle
1955,Ethan Davis,HR,56000,Boston
1956,Fiona Wilson,Engineering,91000,San Francisco
1957,George Taylor,Marketing,64000,Denver
1958,Hannah Moore,Finance,73000,Austin
1959,Ian Thomas,HR,59000,Miami
1960,Julia Anderson,Engineering,94000,San Diego
1961,Alice Johnson,Engineering,85000,New York
1962,Bob Smith,Marketing,62000,Chicago
1963,Charlie Brown,Finance,71000,Houston
1964,Diana Miller,Engineering,88000,Seattle
1965,Ethan Davis,HR,56000,Boston
1966,Fiona Wilson,Engineering,91000,San Francisco
1967,George Taylor,Marketing,64000,Denver
1968,Hannah Moore,Finance,73000,Austin
1969,Ian Thomas,HR,59000,Miami
1970,Julia Anderson,Engineering,94000,San Diego
1971,Alice Johnson,Engineering,85000,New York
1972,Bob Smith,Marketing,62000,Chicago
1973,Charlie Brown,Finance,71000,Houston
1974,Diana Miller,Engineering,88000,Seattle
1975,Ethan Davis,HR,56000,Boston
1976,Fiona Wilson,Engineering,91000,San Francisco
1977,George Taylor,Marketing,64000,Denver
1978,Hannah Moore,Finance,73000,Austin
1979,Ian Thomas,HR,59000,Miami
1980,Julia Anderson,Engineering,94000,San Diego
1981,Alice Johnson,Engineering,85000,New York
1982,Bob Smith,Marketing,62000,Chicago
1983,Charlie Brown,Finance,71000,Houston
1984,Diana Miller,Engineering,88000,Seattle
1985,Ethan Davis,HR,56000,Boston
1986,Fiona Wilson,Engineering,91000,San Francisco
1987,George Taylor,Marketing,64000,Denver
1988,Hannah Moore,Finance,73000,Austin
1989,Ian Thomas,HR,59000,Miami
1990,Julia Anderson,Engineering,94000,San Diego
1991,Alice Johnson,Engineering,85000,New York
1992,Bob Smith,Marketing,62000,Chicago
1993,Charlie Brown,Finance,71000,Houston
1994,Diana Miller,Engineering,88000,Seattle
1995,Ethan Davis,HR,56000,Boston
1996,Fiona Wilson,Engineering,91000,San Francisco
1997,George Taylor,Marketing,64000,Denver
1998,Hannah Moore,Finance,73000,Austin
1999,Ian Thomas,HR,59000,Miami
2000,Julia Anderson,Engineering,94000,San Diego
2001,Alice Johnson,Engineering,85000,New York
2002,Bob Smith,Marketing,62000,Chicago
2003,Charlie Brown,Finance,71000,Houston
2004,Diana Miller,Engineering,88000,Seattle
2005,Ethan Davis,HR,56000,Boston
2006,Fiona Wilson,Engineering,91000,San Francisco
2007,George Taylor,Marketing,64000,Denver
2008,Hannah Moore,Finance,73000,Austin
2009,Ian Thomas,HR,59000,Miami
2010,Julia Anderson,Engineering,94000,San Diego
2011,Alice Johnson,Engineering,85000,New York
2012,Bob Smith,Marketing,62000,Chicago
2013,Charlie Brown,Finance,71000,Houston
2014,Diana Miller,Engineering,88000,Seattle
2015,Ethan Davis,HR,56000,Boston
2016,Fiona Wilson,Engineering,91000,San Francisco
2017,George Taylor,Marketing,64000,Denver
2018,Hannah Moore,Finance,73000,Austin
2019,Ian Thomas,HR,59000,Miami
2020,Julia Anderson,Engineering,94000,San Diego
2021,Alice Johnson,Engineering,85000,New York
2022,Bob Smith,Marketing,62000,Chicago
2023,Charlie Brown,Finance,71000,Houston
2024,Diana Miller,Engineering,88000,Seattle
2025,Ethan Davis,HR,56000,Boston
2026,Fiona Wilson,Engineering,91000,San Francisco
2027,George Taylor,Marketing,64000,Denver
2028,Hannah Moore,Finance,73000,Austin
2029,Ian Thomas,HR,59000,Miami
2030,Julia Anderson,Engineering,94000,San Diego
2031,Alice Johnson,Engineering,85000,New York
2032,Bob Smith,Marketing,62000,Chicago
2033,Charlie Brown,Finance,71000,Houston
2034,Diana Miller,Engineering,88000,Seattle
2035,Ethan Davis,HR,56000,Boston
2036,Fiona Wilson,Engineering,91000,San Francisco
2037,George Taylor,Marketing,64000,Denver
2038,Hannah Moore,Finance,73000,Austin
2039,Ian Thomas,HR,59000,Miami
2040,Julia Anderson,Engineering,94000,San Diego
2041,Alice Johnson,Engineering,85000,New York
2042,Bob Smith,Marketing,62000,Chicago
2043,Charlie Brown,Finance,71000,Houston
2044,Diana Miller,Engineering,88000,Seattle
2045,Ethan Davis,HR,56000,Boston
2046,Fiona Wilson,Engineering,91000,San Francisco
2047,George Taylor,Marketing,64000,Denver
2048,Hannah Moore,Finance,73000,Austin
2049,Ian Thomas,HR,59000,Miami
2050,Julia Anderson,Engineering,94000,San Diego
2051,Alice Johnson,Engineering,85000,New York
2052,Bob Smith,Marketing,62000,Chicago
2053,Charlie Brown,Finance,71000,Houston
2054,Diana Miller,Engineering,88000,Seattle
2055,Ethan Davis,HR,56000,Boston
2056,Fiona Wilson,Engineering,91000,San Francisco
2057,George Taylor,Marketing,64000,Denver
2058,Hannah Moore,Finance,73000,Austin
2059,Ian Thomas,HR,59000,Miami
2060,Julia Anderson,Engineering,94000,San Diego
2061,Alice Johnson,Engineering,85000,New York
2062,Bob Smith,Marketing,62000,Chicago
2063,Charlie Brown,Finance,71000,Houston
2064,Diana Miller,Engineering,88000,Seattle
2065,Ethan Davis,HR,56000,Boston
2066,Fiona Wilson,Engineering,91000,San Francisco
2067,George Taylor,Marketing,64000,Denver
2068,Hannah Moore,Finance,73000,Austin
2069,Ian Thomas,HR,59000,Miami
2070,Julia Anderson,Engineering,94000,San Diego
2071,Alice Johnson,Engineering,85000,New York
2072,Bob Smith,Marketing,62000,Chicago
2073,Charlie Brown,Finance,71000,Houston
2074,Diana Miller,Engineering,88000,Seattle
2075,Ethan Davis,HR,56000,Boston
2076,Fiona Wilson,Engineering,91000,San Francisco
2077,George Taylor,Marketing,64000,Denver
2078,Hannah Moore,Finance,73000,Austin
2079,Ian Thomas,HR,59000,Miami
2080,Julia Anderson,Engineering,94000,San Diego
2081,Alice Johnson,Engineering,85000,New York
2082,Bob Smith,Marketing,62000,Chicago
2083,Charlie Brown,Finance,71000,Houston
2084,Diana Miller,Engineering,88000,Seattle
2085,Ethan Davis,HR,56000,Boston
2086,Fiona Wilson,Engineering,91000,San Francisco
2087,George Taylor,Marketing,64000,Denver
2088,Hannah Moore,Finance,73000,Austin
2089,Ian Thomas,HR,59000,Miami
2090,Julia Anderson,Engineering,94000,San Diego
2091,Alice Johnson,Engineering,85000,New York
2092,Bob Smith,Marketing,62000,Chicago
2093,Charlie Brown,Finance,71000,Houston
2094,Diana Miller,Engineering,88000,Seattle
2095,Ethan Davis,HR,56000,Boston
2096,Fiona Wilson,Engineering,91000,San Francisco
2097,George Taylor,Marketing,64000,Denver
2098,Hannah Moore,Finance,73000,Austin
2099,Ian Thomas,HR,59000,Miami
2100,Julia Anderson,Engineering,94000,San Diego
2101,Alice Johnson,Engineering,85000,New York
2102,Bob Smith,Marketing,62000,Chicago
2103,Charlie Brown,Finance,71000,Houston
2104,Diana Miller,Engineering,88000,Seattle
2105,Ethan Davis,HR,56000,Boston
2106,Fiona Wilson,Engineering,91000,San Francisco
2107,George Taylor,Marketing,64000,Denver
2108,Hannah Moore,Finance,73000,Austin
2109,Ian Thomas,HR,59000,Miami
2110,Julia Anderson,Engineering,94000,San Diego
2111,Alice Johnson,Engineering,85000,New York
2112,Bob Smith,Marketing,62000,Chicago
2113,Charlie Brown,Finance,71000,Houston
2114,Diana Miller,Engineering,88000,Seattle
2115,Ethan Davis,HR,56000,Boston
2116,Fiona Wilson,Engineering,91000,San Francisco
2117,George Taylor,Marketing,64000,Denver
2118,Hannah Moore,Finance,73000,Austin
2119,Ian Thomas,HR,59000,Miami
2120,Julia Anderson,Engineering,94000,San Diego
2121,Alice Johnson,Engineering,85000,New York
2122,Bob Smith,Marketing,62000,Chicago
2123,Charlie Brown,Finance,71000,Houston
2124,Diana Miller,Engineering,88000,Seattle
2125,Ethan Davis,HR,56000,Boston
2126,Fiona Wilson,Engineering,91000,San Francisco
2127,George Taylor,Marketing,64000,Denver
2128,Hannah Moore,Finance,73000,Austin
2129,Ian Thomas,HR,59000,Miami
2130,Julia Anderson,Engineering,94000,San Diego
2131,Alice Johnson,Engineering,85000,New York
2132,Bob Smith,Marketing,62000,Chicago
2133,Charlie Brown,Finance,71000,Houston
2134,Diana Miller,Engineering,88000,Seattle
2135,Ethan Davis,HR,56000,Boston
2136,Fiona Wilson,Engineering,91000,San Francisco
2137,George Taylor,Marketing,64000,Denver
2138,Hannah Moore,Finance,73000,Austin
2139,Ian Thomas,HR,59000,Miami
2140,Julia Anderson,Engineering,94000,San Diego
2141,Alice Johnson,Engineering,85000,New York
2142,Bob Smith,Marketing,62000,Chicago
2143,Charlie Brown,Finance,71000,Houston
2144,Diana Miller,Engineering,88000,Seattle
2145,Ethan Davis,HR,56000,Boston
2146,Fiona Wilson,Engineering,91000,San Francisco
2147,George Taylor,Marketing,64000,Denver
2148,Hannah Moore,Finance,73000,Austin
2149,Ian Thomas,HR,59000,Miami
2150,Julia Anderson,Engineering,94000,San Diego
2151,Alice Johnson,Engineering,85000,New York
2152,Bob Smith,Marketing,62000,Chicago
2153,Charlie Brown,Finance,71000,Houston
2154,Diana Miller,Engineering,88000,Seattle
2155,Ethan Davis,HR,56000,Boston
2156,Fiona Wilson,Engineering,91000,San Francisco
2157,George Taylor,Marketing,64000,Denver
2158,Hannah Moore,Finance,73000,Austin
2159,Ian Thomas,HR,59000,Miami
2160,Julia Anderson,Engineering,94000,San Diego
2161,Alice Johnson,Engineering,85000,New York
2162,Bob Smith,Marketing,62000,Chicago
2163,Charlie Brown,Finance,71000,Houston
2164,Diana Miller,Engineering,88000,Seattle
2165,Ethan Davis,HR,56000,Boston
2166,Fiona Wilson,Engineering,91000,San Francisco
2167,George Taylor,Marketing,64000,Denver
2168,Hannah Moore,Finance,73000,Austin
2169,Ian Thomas,HR,59000,Miami
2170,Julia Anderson,Engineering,94000,San Diego
2171,Alice Johnson,Engineering,85000,New York
2172,Bob Smith,Marketing,62000,Chicago
2173,Charlie Brown,Finance,71000,Houston
2174,Diana Miller,Engineering,88000,Seattle
2175,Ethan Davis,HR,56000,Boston
2176,Fiona Wilson,Engineering,91000,San Francisco
2177,George Taylor,Marketing,64000,Denver
2178,Hannah Moore,Finance,73000,Austin
2179,Ian Thomas,HR,59000,Miami
2180,Julia Anderson,Engineering,94000,San Diego
2181,Alice Johnson,Engineering,85000,New York
2182,Bob Smith,Marketing,62000,Chicago
2183,Charlie Brown,Finance,71000,Houston
2184,Diana Miller,Engineering,88000,Seattle
2185,Ethan Davis,HR,56000,Boston
2186,Fiona Wilson,Engineering,91000,San Francisco
2187,George Taylor,Marketing,64000,Denver
2188,Hannah Moore,Finance,73000,Austin
2189,Ian Thomas,HR,59000,Miami
2190,Julia Anderson,Engineering,94000,San Diego
2191,Alice Johnson,Engineering,85000,New York
2192,Bob Smith,Marketing,62000,Chicago
2193,Charlie Brown,Finance,71000,Houston
2194,Diana Miller,Engineering,88000,Seattle
2195,Ethan Davis,HR,56000,Boston
2196,Fiona Wilson,Engineering,91000,San Francisco
2197,George Taylor,Marketing,64000,Denver
2198,Hannah Moore,Finance,73000,Austin
2199,Ian Thomas,HR,59000,Miami
2200,Julia Anderson,Engineering,94000,San Diego
2201,Alice Johnson,Engineering,85000,New York
2202,Bob Smith,Marketing,62000,Chicago
2203,Charlie Brown,Finance,71000,Houston
2204,Diana Miller,Engineering,88000,Seattle
2205,Ethan Davis,HR,56000,Boston
2206,Fiona Wilson,Engineering,91000,San Francisco
2207,George Taylor,Marketing,64000,Denver
2208,Hannah Moore,Finance,73000,Austin
2209,Ian Thomas,HR,59000,Miami
2210,Julia Anderson,Engineering,94000,San Diego
2211,Alice Johnson,Engineering,85000,New York
2212,Bob Smith,Marketing,62000,Chicago
2213,Charlie Brown,Finance,71000,Houston
2214,Diana Miller,Engineering,88000,Seattle
2215,Ethan Davis,HR,56000,Boston
2216,Fiona Wilson,Engineering,91000,San Francisco
2217,George Taylor,Marketing,64000,Denver
2218,Hannah Moore,Finance,73000,Austin
2219,Ian Thomas,HR,59000,Miami
2220,Julia Anderson,Engineering,94000,San Diego
2221,Alice Johnson,Engineering,85000,New York
2222,Bob Smith,Marketing,62000,Chicago
2223,Charlie Brown,Finance,71000,Houston
2224,Diana Miller,Engineering,88000,Seattle
2225,Ethan Davis,HR,56000,Boston
2226,Fiona Wilson,Engineering,91000,San Francisco
2227,George Taylor,Marketing,64000,Denver
2228,Hannah Moore,Finance,73000,Austin
2229,Ian Thomas,HR,59000,Miami
2230,Julia Anderson,Engineering,94000,San Diego
2231,Alice Johnson,Engineering,85000,New York
2232,Bob Smith,Marketing,62000,Chicago
2233,Charlie Brown,Finance,71000,Houston
2234,Diana Miller,Engineering,88000,Seattle
2235,Ethan Davis,HR,56000,Boston
2236,Fiona Wilson,Engineering,91000,San Francisco
2237,George Taylor,Marketing,64000,Denver
2238,Hannah Moore,Finance,73000,Austin
2239,Ian Thomas,HR,59000,Miami
2240,Julia Anderson,Engineering,94000,San Diego
2241,Alice Johnson,Engineering,85000,New York
2242,Bob Smith,Marketing,62000,Chicago
2243,Charlie Brown,Finance,71000,Houston
2244,Diana Miller,Engineering,88000,Seattle
2245,Ethan Davis,HR,56000,Boston
2246,Fiona Wilson,Engineering,91000,San Francisco
2247,George Taylor,Marketing,64000,Denver
2248,Hannah Moore,Finance,73000,Austin
2249,Ian Thomas,HR,59000,Miami
2250,Julia Anderson,Engineering,94000,San Diego
2251,Alice Johnson,Engineering,85000,New York
2252,Bob Smith,Marketing,62000,Chicago
2253,Charlie Brown,Finance,71000,Houston
2254,Diana Miller,Engineering,88000,Seattle
2255,Ethan Davis,HR,56000,Boston
2256,Fiona Wilson,Engineering,91000,San Francisco
2257,George Taylor,Marketing,64000,Denver
2258,Hannah Moore,Finance,73000,Austin
2259,Ian Thomas,HR,59000,Miami
2260,Julia Anderson,Engineering,94000,San Diego
2261,Alice Johnson,Engineering,85000,New York
2262,Bob Smith,Marketing,62000,Chicago
2263,Charlie Brown,Finance,71000,Houston
2264,Diana Miller,Engineering,88000,Seattle
2265,Ethan Davis,HR,56000,Boston
2266,Fiona Wilson,Engineering,91000,San Francisco
2267,George Taylor,Marketing,64000,Denver
2268,Hannah Moore,Finance,73000,Austin
2269,Ian Thomas,HR,59000,Miami
2270,Julia Anderson,Engineering,94000,San Diego
2271,Alice Johnson,Engineering,85000,New York
2272,Bob Smith,Marketing,62000,Chicago
2273,Charlie Brown,Finance,71000,Houston
2274,Diana Miller,Engineering,88000,Seattle
2275,Ethan Davis,HR,56000,Boston
2276,Fiona Wilson,Engineering,91000,San Francisco
2277,George Taylor,Marketing,64000,Denver
2278,Hannah Moore,Finance,73000,Austin
2279,Ian Thomas,HR,59000,Miami
2280,Julia Anderson,Engineering,94000,San Diego
2281,Alice Johnson,Engineering,85000,New York
2282,Bob Smith,Marketing,62000,Chicago
2283,Charlie Brown,Finance,71000,Houston
2284,Diana Miller,Engineering,88000,Seattle
2285,Ethan Davis,HR,56000,Boston
2286,Fiona Wilson,Engineering,91000,San Francisco
2287,George Taylor,Marketing,64000,Denver
2288,Hannah Moore,Finance,73000,Austin
2289,Ian Thomas,HR,59000,Miami
2290,Julia Anderson,Engineering,94000,San Diego
2291,Alice Johnson,Engineering,85000,New York
2292,Bob Smith,Marketing,62000,Chicago
2293,Charlie Brown,Finance,71000,Houston
2294,Diana Miller,Engineering,88000,Seattle
2295,Ethan Davis,HR,56000,Boston
2296,Fiona Wilson,Engineering,91000,San Francisco
2297,George Taylor,Marketing,64000,Denver
2298,Hannah Moore,Finance,73000,Austin
2299,Ian Thomas,HR,59000,Miami
2300,Julia Anderson,Engineering,94000,San Diego
2301,Alice Johnson,Engineering,85000,New York
2302,Bob Smith,Marketing,62000,Chicago
2303,Charlie Brown,Finance,71000,Houston
2304,Diana Miller,Engineering,88000,Seattle
2305,Ethan Davis,HR,56000,Boston
2306,Fiona Wilson,Engineering,91000,San Francisco
2307,George Taylor,Marketing,64000,Denver
2308,Hannah Moore,Finance,73000,Austin
2309,Ian Thomas,HR,59000,Miami
2310,Julia Anderson,Engineering,94000,San Diego
2311,Alice Johnson,Engineering,85000,New York
2312,Bob Smith,Marketing,62000,Chicago
2313,Charlie Brown,Finance,71000,Houston
2314,Diana Miller,Engineering,88000,Seattle
2315,Ethan Davis,HR,56000,Boston
2316,Fiona Wilson,Engineering,91000,San Francisco
2317,George Taylor,Marketing,64000,Denver
2318,Hannah Moore,Finance,73000,Austin
2319,Ian Thomas,HR,59000,Miami
2320,Julia Anderson,Engineering,94000,San Diego
2321,Alice Johnson,Engineering,85000,New York
2322,Bob Smith,Marketing,62000,Chicago
2323,Charlie Brown,Finance,71000,Houston
2324,Diana Miller,Engineering,88000,Seattle
2325,Ethan Davis,HR,56000,Boston
2326,Fiona Wilson,Engineering,91000,San Francisco
2327,George Taylor,Marketing,64000,Denver
2328,Hannah Moore,Finance,73000,Austin
2329,Ian Thomas,HR,59000,Miami
2330,Julia Anderson,Engineering,94000,San Diego
2331,Alice Johnson,Engineering,85000,New York
2332,Bob Smith,Marketing,62000,Chicago
2333,Charlie Brown,Finance,71000,Houston
2334,Diana Miller,Engineering,88000,Seattle
2335,Ethan Davis,HR,56000,Boston
2336,Fiona Wilson,Engineering,91000,San Francisco
2337,George Taylor,Marketing,64000,Denver
2338,Hannah Moore,Finance,73000,Austin
2339,Ian Thomas,HR,59000,Miami
2340,Julia Anderson,Engineering,94000,San Diego
2341,Alice Johnson,Engineering,85000,New York
2342,Bob Smith,Marketing,62000,Chicago
2343,Charlie Brown,Finance,71000,Houston
2344,Diana Miller,Engineering,88000,Seattle
2345,Ethan Davis,HR,56000,Boston
2346,Fiona Wilson,Engineering,91000,San Francisco
2347,George Taylor,Marketing,64000,Denver
2348,Hannah Moore,Finance,73000,Austin
2349,Ian Thomas,HR,59000,Miami
2350,Julia Anderson,Engineering,94000,San Diego
2351,Alice Johnson,Engineering,85000,New York
2352,Bob Smith,Marketing,62000,Chicago
2353,Charlie Brown,Finance,71000,Houston
2354,Diana Miller,Engineering,88000,Seattle
2355,Ethan Davis,HR,56000,Boston
2356,Fiona Wilson,Engineering,91000,San Francisco
2357,George Taylor,Marketing,64000,Denver
2358,Hannah Moore,Finance,73000,Austin
2359,Ian Thomas,HR,59000,Miami
2360,Julia Anderson,Engineering,94000,San Diego
2361,Alice Johnson,Engineering,85000,New York
2362,Bob Smith,Marketing,62000,Chicago
2363,Charlie Brown,Finance,71000,Houston
2364,Diana Miller,Engineering,88000,Seattle
2365,Ethan Davis,HR,56000,Boston
2366,Fiona Wilson,Engineering,91000,San Francisco
2367,George Taylor,Marketing,64000,Denver
2368,Hannah Moore,Finance,73000,Austin
2369,Ian Thomas,HR,59000,Miami
2370,Julia Anderson,Engineering,94000,San Diego
2371,Alice Johnson,Engineering,85000,New York
2372,Bob Smith,Marketing,62000,Chicago
2373,Charlie Brown,Finance,71000,Houston
2374,Diana Miller,Engineering,88000,Seattle
2375,Ethan Davis,HR,56000,Boston
2376,Fiona Wilson,Engineering,91000,San Francisco
2377,George Taylor,Marketing,64000,Denver
2378,Hannah Moore,Finance,73000,Austin
2379,Ian Thomas,HR,59000,Miami
2380,Julia Anderson,Engineering,94000,San Diego
2381,Alice Johnson,Engineering,85000,New York
2382,Bob Smith,Marketing,62000,Chicago
2383,Charlie Brown,Finance,71000,Houston
2384,Diana Miller,Engineering,88000,Seattle
2385,Ethan Davis,HR,56000,Boston
2386,Fiona Wilson,Engineering,91000,San Francisco
2387,George Taylor,Marketing,64000,Denver
2388,Hannah Moore,Finance,73000,Austin
2389,Ian Thomas,HR,59000,Miami
2390,Julia Anderson,Engineering,94000,San Diego
2391,Alice Johnson,Engineering,85000,New York
2392,Bob Smith,Marketing,62000,Chicago
2393,Charlie Brown,Finance,71000,Houston
2394,Diana Miller,Engineering,88000,Seattle
2395,Ethan Davis,HR,56000,Boston
2396,Fiona Wilson,Engineering,91000,San Francisco
2397,George Taylor,Marketing,64000,Denver
2398,Hannah Moore,Finance,73000,Austin
2399,Ian Thomas,HR,59000,Miami
2400,Julia Anderson,Engineering,94000,San Diego
2401,Alice Johnson,Engineering,85000,New York
2402,Bob Smith,Marketing,62000,Chicago
2403,Charlie Brown,Finance,71000,Houston
2404,Diana Miller,Engineering,88000,Seattle
2405,Ethan Davis,HR,56000,Boston
2406,Fiona Wilson,Engineering,91000,San Francisco
2407,George Taylor,Marketing,64000,Denver
2408,Hannah Moore,Finance,73000,Austin
2409,Ian Thomas,HR,59000,Miami
2410,Julia Anderson,Engineering,94000,San Diego
2411,Alice Johnson,Engineering,85000,New York
2412,Bob Smith,Marketing,62000,Chicago
2413,Charlie Brown,Finance,71000,Houston
2414,Diana Miller,Engineering,88000,Seattle
2415,Ethan Davis,HR,56000,Boston
2416,Fiona Wilson,Engineering,91000,San Francisco
2417,George Taylor,Marketing,64000,Denver
2418,Hannah Moore,Finance,73000,Austin
2419,Ian Thomas,HR,59000,Miami
2420,Julia Anderson,Engineering,94000,San Diego
2421,Alice Johnson,Engineering,85000,New York
2422,Bob Smith,Marketing,62000,Chicago
2423,Charlie Brown,Finance,71000,Houston
2424,Diana Miller,Engineering,88000,Seattle
2425,Ethan Davis,HR,56000,Boston
2426,Fiona Wilson,Engineering,91000,San Francisco
2427,George Taylor,Marketing,64000,Denver
2428,Hannah Moore,Finance,73000,Austin
2429,Ian Thomas,HR,59000,Miami
2430,Julia Anderson,Engineering,94000,San Diego
2431,Alice Johnson,Engineering,85000,New York
2432,Bob Smith,Marketing,62000,Chicago
2433,Charlie Brown,Finance,71000,Houston
2434,Diana Miller,Engineering,88000,Seattle
2435,Ethan Davis,HR,56000,Boston
2436,Fiona Wilson,Engineering,91000,San Francisco
2437,George Taylor,Marketing,64000,Denver
2438,Hannah Moore,Finance,73000,Austin
2439,Ian Thomas,HR,59000,Miami
2440,Julia Anderson,Engineering,94000,San Diego
2441,Alice Johnson,Engineering,85000,New York
2442,Bob Smith,Marketing,62000,Chicago
2443,Charlie Brown,Finance,71000,Houston
2444,Diana Miller,Engineering,88000,Seattle
2445,Ethan Davis,HR,56000,Boston
2446,Fiona Wilson,Engineering,91000,San Francisco
2447,George Taylor,Marketing,64000,Denver
2448,Hannah Moore,Finance,73000,Austin
2449,Ian Thomas,HR,59000,Miami
2450,Julia Anderson,Engineering,94000,San Diego
2451,Alice Johnson,Engineering,85000,New York
2452,Bob Smith,Marketing,62000,Chicago
2453,Charlie Brown,Finance,71000,Houston
2454,Diana Miller,Engineering,88000,Seattle
2455,Ethan Davis,HR,56000,Boston
2456,Fiona Wilson,Engineering,91000,San Francisco
2457,George Taylor,Marketing,64000,Denver
2458,Hannah Moore,Finance,73000,Austin
2459,Ian Thomas,HR,59000,Miami
2460,Julia Anderson,Engineering,94000,San Diego
2461,Alice Johnson,Engineering,85000,New York
2462,Bob Smith,Marketing,62000,Chicago
2463,Charlie Brown,Finance,71000,Houston
2464,Diana Miller,Engineering,88000,Seattle
2465,Ethan Davis,HR,56000,Boston
2466,Fiona Wilson,Engineering,91000,San Francisco
2467,George Taylor,Marketing,64000,Denver
2468,Hannah Moore,Finance,73000,Austin
2469,Ian Thomas,HR,59000,Miami
2470,Julia Anderson,Engineering,94000,San Diego
2471,Alice Johnson,Engineering,85000,New York
2472,Bob Smith,Marketing,62000,Chicago
2473,Charlie Brown,Finance,71000,Houston
2474,Diana Miller,Engineering,88000,Seattle
2475,Ethan Davis,HR,56000,Boston
2476,Fiona Wilson,Engineering,91000,San Francisco
2477,George Taylor,Marketing,64000,Denver
2478,Hannah Moore,Finance,73000,Austin
2479,Ian Thomas,HR,59000,Miami
2480,Julia Anderson,Engineering,94000,San Diego
2481,Alice Johnson,Engineering,85000,New York
2482,Bob Smith,Marketing,62000,Chicago
2483,Charlie Brown,Finance,71000,Houston
2484,Diana Miller,Engineering,88000,Seattle
2485,Ethan Davis,HR,56000,Boston
2486,Fiona Wilson,Engineering,91000,San Francisco
2487,George Taylor,Marketing,64000,Denver
2488,Hannah Moore,Finance,73000,Austin
2489,Ian Thomas,HR,59000,Miami
2490,Julia Anderson,Engineering,94000,San Diego
2491,Alice Johnson,Engineering,85000,New York
2492,Bob Smith,Marketing,62000,Chicago
2493,Charlie Brown,Finance,71000,Houston
2494,Diana Miller,Engineering,88000,Seattle
2495,Ethan Davis,HR,56000,Boston
2496,Fiona Wilson,Engineering,91000,San Francisco
2497,George Taylor,Marketing,64000,Denver
2498,Hannah Moore,Finance,73000,Austin
2499,Ian Thomas,HR,59000,Miami
2500,Julia Anderson,Engineering,94000,San Diego
2501,Alice Johnson,Engineering,85000,New York
2502,Bob Smith,Marketing,62000,Chicago
2503,Charlie Brown,Finance,71000,Houston
2504,Diana Miller,Engineering,88000,Seattle
2505,Ethan Davis,HR,56000,Boston
2506,Fiona Wilson,Engineering,91000,San Francisco
2507,George Taylor,Marketing,64000,Denver
2508,Hannah Moore,Finance,73000,Austin
2509,Ian Thomas,HR,59000,Miami
2510,Julia Anderson,Engineering,94000,San Diego
2511,Alice Johnson,Engineering,85000,New York
2512,Bob Smith,Marketing,62000,Chicago
2513,Charlie Brown,Finance,71000,Houston
2514,Diana Miller,Engineering,88000,Seattle
2515,Ethan Davis,HR,56000,Boston
2516,Fiona Wilson,Engineering,91000,San Francisco
2517,George Taylor,Marketing,64000,Denver
2518,Hannah Moore,Finance,73000,Austin
2519,Ian Thomas,HR,59000,Miami
2520,Julia Anderson,Engineering,94000,San Diego
2521,Alice Johnson,Engineering,85000,New York
2522,Bob Smith,Marketing,62000,Chicago
2523,Charlie Brown,Finance,71000,Houston
2524,Diana Miller,Engineering,88000,Seattle
2525,Ethan Davis,HR,56000,Boston
2526,Fiona Wilson,Engineering,91000,San Francisco
2527,George Taylor,Marketing,64000,Denver
2528,Hannah Moore,Finance,73000,Austin
2529,Ian Thomas,HR,59000,Miami
2530,Julia Anderson,Engineering,94000,San Diego
2531,Alice Johnson,Engineering,85000,New York
2532,Bob Smith,Marketing,62000,Chicago
2533,Charlie Brown,Finance,71000,Houston
2534,Diana Miller,Engineering,88000,Seattle
2535,Ethan Davis,HR,56000,Boston
2536,Fiona Wilson,Engineering,91000,San Francisco
2537,George Taylor,Marketing,64000,Denver
2538,Hannah Moore,Finance,73000,Austin
2539,Ian Thomas,HR,59000,Miami
2540,Julia Anderson,Engineering,94000,San Diego
2541,Alice Johnson,Engineering,85000,New York
2542,Bob Smith,Marketing,62000,Chicago
2543,Charlie Brown,Finance,71000,Houston
2544,Diana Miller,Engineering,88000,Seattle
2545,Ethan Davis,HR,56000,Boston
2546,Fiona Wilson,Engineering,91000,San Francisco
2547,George Taylor,Marketing,64000,Denver
2548,Hannah Moore,Finance,73000,Austin
2549,Ian Thomas,HR,59000,Miami
2550,Julia Anderson,Engineering,94000,San Diego
2551,Alice Johnson,Engineering,85000,New York
2552,Bob Smith,Marketing,62000,Chicago
2553,Charlie Brown,Finance,71000,Houston
2554,Diana Miller,Engineering,88000,Seattle
2555,Ethan Davis,HR,56000,Boston
2556,Fiona Wilson,Engineering,91000,San Francisco
2557,George Taylor,Marketing,64000,Denver
2558,Hannah Moore,Finance,73000,Austin
2559,Ian Thomas,HR,59000,Miami
2560,Julia Anderson,Engineering,94000,San Diego
2561,Alice Johnson,Engineering,85000,New York
2562,Bob Smith,Marketing,62000,Chicago
2563,Charlie Brown,Finance,71000,Houston
2564,Diana Miller,Engineering,88000,Seattle
2565,Ethan Davis,HR,56000,Boston
2566,Fiona Wilson,Engineering,91000,San Francisco
2567,George Taylor,Marketing,64000,Denver
2568,Hannah Moore,Finance,73000,Austin
2569,Ian Thomas,HR,59000,Miami
2570,Julia Anderson,Engineering,94000,San Diego
2571,Alice Johnson,Engineering,85000,New York
2572,Bob Smith,Marketing,62000,Chicago
2573,Charlie Brown,Finance,71000,Houston
2574,Diana Miller,Engineering,88000,Seattle
2575,Ethan Davis,HR,56000,Boston
2576,Fiona Wilson,Engineering,91000,San Francisco
2577,George Taylor,Marketing,64000,Denver
2578,Hannah Moore,Finance,73000,Austin
2579,Ian Thomas,HR,59000,Miami
2580,Julia Anderson,Engineering,94000,San Diego
2581,Alice Johnson,Engineering,85000,New York
2582,Bob Smith,Marketing,62000,Chicago
2583,Charlie Brown,Finance,71000,Houston
2584,Diana Miller,Engineering,88000,Seattle
2585,Ethan Davis,HR,56000,Boston
2586,Fiona Wilson,Engineering,91000,San Francisco
2587,George Taylor,Marketing,64000,Denver
2588,Hannah Moore,Finance,73000,Austin
2589,Ian Thomas,HR,59000,Miami
2590,Julia Anderson,Engineering,94000,San Diego
2591,Alice Johnson,Engineering,85000,New York
2592,Bob Smith,Marketing,62000,Chicago
2593,Charlie Brown,Finance,71000,Houston
2594,Diana Miller,Engineering,88000,Seattle
2595,Ethan Davis,HR,56000,Boston
2596,Fiona Wilson,Engineering,91000,San Francisco
2597,George Taylor,Marketing,64000,Denver
2598,Hannah Moore,Finance,73000,Austin
2599,Ian Thomas,HR,59000,Miami
2600,Julia Anderson,Engineering,94000,San Diego
2601,Alice Johnson,Engineering,85000,New York
2602,Bob Smith,Marketing,62000,Chicago
2603,Charlie Brown,Finance,71000,Houston
2604,Diana Miller,Engineering,88000,Seattle
2605,Ethan Davis,HR,56000,Boston
2606,Fiona Wilson,Engineering,91000,San Francisco
2607,George Taylor,Marketing,64000,Denver
2608,Hannah Moore,Finance,73000,Austin
2609,Ian Thomas,HR,59000,Miami
2610,Julia Anderson,Engineering,94000,San Diego
2611,Alice Johnson,Engineering,85000,New York
2612,Bob Smith,Marketing,62000,Chicago
2613,Charlie Brown,Finance,71000,Houston
2614,Diana Miller,Engineering,88000,Seattle
2615,Ethan Davis,HR,56000,Boston
2616,Fiona Wilson,Engineering,91000,San Francisco
2617,George Taylor,Marketing,64000,Denver
2618,Hannah Moore,Finance,73000,Austin
2619,Ian Thomas,HR,59000,Miami
2620,Julia Anderson,Engineering,94000,San Diego
2621,Alice Johnson,Engineering,85000,New York
2622,Bob Smith,Marketing,62000,Chicago
2623,Charlie Brown,Finance,71000,Houston
2624,Diana Miller,Engineering,88000,Seattle
2625,Ethan Davis,HR,56000,Boston
2626,Fiona Wilson,Engineering,91000,San Francisco
2627,George Taylor,Marketing,64000,Denver
2628,Hannah Moore,Finance,73000,Austin
2629,Ian Thomas,HR,59000,Miami
2630,Julia Anderson,Engineering,94000,San Diego
2631,Alice Johnson,Engineering,85000,New York
2632,Bob Smith,Marketing,62000,Chicago
2633,Charlie Brown,Finance,71000,Houston
2634,Diana Miller,Engineering,88000,Seattle
2635,Ethan Davis,HR,56000,Boston
2636,Fiona Wilson,Engineering,91000,San Francisco
2637,George Taylor,Marketing,64000,Denver
2638,Hannah Moore,Finance,73000,Austin
2639,Ian Thomas,HR,59000,Miami
2640,Julia Anderson,Engineering,94000,San Diego
2641,Alice Johnson,Engineering,85000,New York
2642,Bob Smith,Marketing,62000,Chicago
2643,Charlie Brown,Finance,71000,Houston
2644,Diana Miller,Engineering,88000,Seattle
2645,Ethan Davis,HR,56000,Boston
2646,Fiona Wilson,Engineering,91000,San Francisco
2647,George Taylor,Marketing,64000,Denver
2648,Hannah Moore,Finance,73000,Austin
2649,Ian Thomas,HR,59000,Miami
2650,Julia Anderson,Engineering,94000,San Diego
2651,Alice Johnson,Engineering,85000,New York
2652,Bob Smith,Marketing,62000,Chicago
2653,Charlie Brown,Finance,71000,Houston
2654,Diana Miller,Engineering,88000,Seattle
2655,Ethan Davis,HR,56000,Boston
2656,Fiona Wilson,Engineering,91000,San Francisco
2657,George Taylor,Marketing,64000,Denver
2658,Hannah Moore,Finance,73000,Austin
2659,Ian Thomas,HR,59000,Miami
2660,Julia Anderson,Engineering,94000,San Diego
2661,Alice Johnson,Engineering,85000,New York
2662,Bob Smith,Marketing,62000,Chicago
2663,Charlie Brown,Finance,71000,Houston
2664,Diana Miller,Engineering,88000,Seattle
2665,Ethan Davis,HR,56000,Boston
2666,Fiona Wilson,Engineering,91000,San Francisco
2667,George Taylor,Marketing,64000,Denver
2668,Hannah Moore,Finance,73000,Austin
2669,Ian Thomas,HR,59000,Miami
2670,Julia Anderson,Engineering,94000,San Diego
2671,Alice Johnson,Engineering,85000,New York
2672,Bob Smith,Marketing,62000,Chicago
2673,Charlie Brown,Finance,71000,Houston
2674,Diana Miller,Engineering,88000,Seattle
2675,Ethan Davis,HR,56000,Boston
2676,Fiona Wilson,Engineering,91000,San Francisco
2677,George Taylor,Marketing,64000,Denver
2678,Hannah Moore,Finance,73000,Austin
2679,Ian Thomas,HR,59000,Miami
2680,Julia Anderson,Engineering,94000,San Diego
2681,Alice Johnson,Engineering,85000,New York
2682,Bob Smith,Marketing,62000,Chicago
2683,Charlie Brown,Finance,71000,Houston
2684,Diana Miller,Engineering,88000,Seattle
2685,Ethan Davis,HR,56000,Boston
2686,Fiona Wilson,Engineering,91000,San Francisco
2687,George Taylor,Marketing,64000,Denver
2688,Hannah Moore,Finance,73000,Austin
2689,Ian Thomas,HR,59000,Miami
2690,Julia Anderson,Engineering,94000,San Diego
2691,Alice Johnson,Engineering,85000,New York
2692,Bob Smith,Marketing,62000,Chicago
2693,Charlie Brown,Finance,71000,Houston
2694,Diana Miller,Engineering,88000,Seattle
2695,Ethan Davis,HR,56000,Boston
2696,Fiona Wilson,Engineering,91000,San Francisco
2697,George Taylor,Marketing,64000,Denver
2698,Hannah Moore,Finance,73000,Austin
2699,Ian Thomas,HR,59000,Miami
2700,Julia Anderson,Engineering,94000,San Diego
2701,Alice Johnson,Engineering,85000,New York
2702,Bob Smith,Marketing,62000,Chicago
2703,Charlie Brown,Finance,71000,Houston
2704,Diana Miller,Engineering,88000,Seattle
2705,Ethan Davis,HR,56000,Boston
2706,Fiona Wilson,Engineering,91000,San Francisco
2707,George Taylor,Marketing,64000,Denver
2708,Hannah Moore,Finance,73000,Austin
2709,Ian Thomas,HR,59000,Miami
2710,Julia Anderson,Engineering,94000,San Diego
2711,Alice Johnson,Engineering,85000,New York
2712,Bob Smith,Marketing,62000,Chicago
2713,Charlie Brown,Finance,71000,Houston
2714,Diana Miller,Engineering,88000,Seattle
2715,Ethan Davis,HR,56000,Boston
2716,Fiona Wilson,Engineering,91000,San Francisco
2717,George Taylor,Marketing,64000,Denver
2718,Hannah Moore,Finance,73000,Austin
2719,Ian Thomas,HR,59000,Miami
2720,Julia Anderson,Engineering,94000,San Diego
2721,Alice Johnson,Engineering,85000,New York
2722,Bob Smith,Marketing,62000,Chicago
2723,Charlie Brown,Finance,71000,Houston
2724,Diana Miller,Engineering,88000,Seattle
2725,Ethan Davis,HR,56000,Boston
2726,Fiona Wilson,Engineering,91000,San Francisco
2727,George Taylor,Marketing,64000,Denver
2728,Hannah Moore,Finance,73000,Austin
2729,Ian Thomas,HR,59000,Miami
2730,Julia Anderson,Engineering,94000,San Diego
2731,Alice Johnson,Engineering,85000,New York
2732,Bob Smith,Marketing,62000,Chicago
2733,Charlie Brown,Finance,71000,Houston
2734,Diana Miller,Engineering,88000,Seattle
2735,Ethan Davis,HR,56000,Boston
2736,Fiona Wilson,Engineering,91000,San Francisco
2737,George Taylor,Marketing,64000,Denver
2738,Hannah Moore,Finance,73000,Austin
2739,Ian Thomas,HR,59000,Miami
2740,Julia Anderson,Engineering,94000,San Diego
2741,Alice Johnson,Engineering,85000,New York
2742,Bob Smith,Marketing,62000,Chicago
2743,Charlie Brown,Finance,71000,Houston
2744,Diana Miller,Engineering,88000,Seattle
2745,Ethan Davis,HR,56000,Boston
2746,Fiona Wilson,Engineering,91000,San Francisco
2747,George Taylor,Marketing,64000,Denver
2748,Hannah Moore,Finance,73000,Austin
2749,Ian Thomas,HR,59000,Miami
2750,Julia Anderson,Engineering,94000,San Diego
2751,Alice Johnson,Engineering,85000,New York
2752,Bob Smith,Marketing,62000,Chicago
2753,Charlie Brown,Finance,71000,Houston
2754,Diana Miller,Engineering,88000,Seattle
2755,Ethan Davis,HR,56000,Boston
2756,Fiona Wilson,Engineering,91000,San Francisco
2757,George Taylor,Marketing,64000,Denver
2758,Hannah Moore,Finance,73000,Austin
2759,Ian Thomas,HR,59000,Miami
2760,Julia Anderson,Engineering,94000,San Diego
2761,Alice Johnson,Engineering,85000,New York
2762,Bob Smith,Marketing,62000,Chicago
2763,Charlie Brown,Finance,71000,Houston
2764,Diana Miller,Engineering,88000,Seattle
2765,Ethan Davis,HR,56000,Boston
2766,Fiona Wilson,Engineering,91000,San Francisco
2767,George Taylor,Marketing,64000,Denver
2768,Hannah Moore,Finance,73000,Austin
2769,Ian Thomas,HR,59000,Miami
2770,Julia Anderson,Engineering,94000,San Diego
2771,Alice Johnson,Engineering,85000,New York
2772,Bob Smith,Marketing,62000,Chicago
2773,Charlie Brown,Finance,71000,Houston
2774,Diana Miller,Engineering,88000,Seattle
2775,Ethan Davis,HR,56000,Boston
2776,Fiona Wilson,Engineering,91000,San Francisco
2777,George Taylor,Marketing,64000,Denver
2778,Hannah Moore,Finance,73000,Austin
2779,Ian Thomas,HR,59000,Miami
2780,Julia Anderson,Engineering,94000,San Diego
2781,Alice Johnson,Engineering,85000,New York
2782,Bob Smith,Marketing,62000,Chicago
2783,Charlie Brown,Finance,71000,Houston
2784,Diana Miller,Engineering,88000,Seattle
2785,Ethan Davis,HR,56000,Boston
2786,Fiona Wilson,Engineering,91000,San Francisco
2787,George Taylor,Marketing,64000,Denver
2788,Hannah Moore,Finance,73000,Austin
2789,Ian Thomas,HR,59000,Miami
2790,Julia Anderson,Engineering,94000,San Diego
2791,Alice Johnson,Engineering,85000,New York
2792,Bob Smith,Marketing,62000,Chicago
2793,Charlie Brown,Finance,71000,Houston
2794,Diana Miller,Engineering,88000,Seattle
2795,Ethan Davis,HR,56000,Boston
2796,Fiona Wilson,Engineering,91000,San Francisco
2797,George Taylor,Marketing,64000,Denver
2798,Hannah Moore,Finance,73000,Austin
2799,Ian Thomas,HR,59000,Miami
2800,Julia Anderson,Engineering,94000,San Diego
2801,Alice Johnson,Engineering,85000,New York
2802,Bob Smith,Marketing,62000,Chicago
2803,Charlie Brown,Finance,71000,Houston
2804,Diana Miller,Engineering,88000,Seattle
2805,Ethan Davis,HR,56000,Boston
2806,Fiona Wilson,Engineering,91000,San Francisco
2807,George Taylor,Marketing,64000,Denver
2808,Hannah Moore,Finance,73000,Austin
2809,Ian Thomas,HR,59000,Miami
2810,Julia Anderson,Engineering,94000,San Diego
2811,Alice Johnson,Engineering,85000,New York
2812,Bob Smith,Marketing,62000,Chicago
2813,Charlie Brown,Finance,71000,Houston
2814,Diana Miller,Engineering,88000,Seattle
2815,Ethan Davis,HR,56000,Boston
2816,Fiona Wilson,Engineering,91000,San Francisco
2817,George Taylor,Marketing,64000,Denver
2818,Hannah Moore,Finance,73000,Austin
2819,Ian Thomas,HR,59000,Miami
2820,Julia Anderson,Engineering,94000,San Diego
2821,Alice Johnson,Engineering,85000,New York
2822,Bob Smith,Marketing,62000,Chicago
2823,Charlie Brown,Finance,71000,Houston
2824,Diana Miller,Engineering,88000,Seattle
2825,Ethan Davis,HR,56000,Boston
2826,Fiona Wilson,Engineering,91000,San Francisco
2827,George Taylor,Marketing,64000,Denver
2828,Hannah Moore,Finance,73000,Austin
2829,Ian Thomas,HR,59000,Miami
2830,Julia Anderson,Engineering,94000,San Diego
2831,Alice Johnson,Engineering,85000,New York
2832,Bob Smith,Marketing,62000,Chicago
2833,Charlie Brown,Finance,71000,Houston
2834,Diana Miller,Engineering,88000,Seattle
2835,Ethan Davis,HR,56000,Boston
2836,Fiona Wilson,Engineering,91000,San Francisco
2837,George Taylor,Marketing,64000,Denver
2838,Hannah Moore,Finance,73000,Austin
2839,Ian Thomas,HR,59000,Miami
2840,Julia Anderson,Engineering,94000,San Diego
2841,Alice Johnson,Engineering,85000,New York
2842,Bob Smith,Marketing,62000,Chicago
2843,Charlie Brown,Finance,71000,Houston
2844,Diana Miller,Engineering,88000,Seattle
2845,Ethan Davis,HR,56000,Boston
2846,Fiona Wilson,Engineering,91000,San Francisco
2847,George Taylor,Marketing,64000,Denver
2848,Hannah Moore,Finance,73000,Austin
2849,Ian Thomas,HR,59000,Miami
2850,Julia Anderson,Engineering,94000,San Diego
2851,Alice Johnson,Engineering,85000,New York
2852,Bob Smith,Marketing,62000,Chicago
2853,Charlie Brown,Finance,71000,Houston
2854,Diana Miller,Engineering,88000,Seattle
2855,Ethan Davis,HR,56000,Boston
2856,Fiona Wilson,Engineering,91000,San Francisco
2857,George Taylor,Marketing,64000,Denver
2858,Hannah Moore,Finance,73000,Austin
2859,Ian Thomas,HR,59000,Miami
2860,Julia Anderson,Engineering,94000,San Diego
2861,Alice Johnson,Engineering,85000,New York
2862,Bob Smith,Marketing,62000,Chicago
2863,Charlie Brown,Finance,71000,Houston
2864,Diana Miller,Engineering,88000,Seattle
2865,Ethan Davis,HR,56000,Boston
2866,Fiona Wilson,Engineering,91000,San Francisco
2867,George Taylor,Marketing,64000,Denver
2868,Hannah Moore,Finance,73000,Austin
2869,Ian Thomas,HR,59000,Miami
2870,Julia Anderson,Engineering,94000,San Diego
2871,Alice Johnson,Engineering,85000,New York
2872,Bob Smith,Marketing,62000,Chicago
2873,Charlie Brown,Finance,71000,Houston
2874,Diana Miller,Engineering,88000,Seattle
2875,Ethan Davis,HR,56000,Boston
2876,Fiona Wilson,Engineering,91000,San Francisco
2877,George Taylor,Marketing,64000,Denver
2878,Hannah Moore,Finance,73000,Austin
2879,Ian Thomas,HR,59000,Miami
2880,Julia Anderson,Engineering,94000,San Diego
2881,Alice Johnson,Engineering,85000,New York
2882,Bob Smith,Marketing,62000,Chicago
2883,Charlie Brown,Finance,71000,Houston
2884,Diana Miller,Engineering,88000,Seattle
2885,Ethan Davis,HR,56000,Boston
2886,Fiona Wilson,Engineering,91000,San Francisco
2887,George Taylor,Marketing,64000,Denver
2888,Hannah Moore,Finance,73000,Austin
2889,Ian Thomas,HR,59000,Miami
2890,Julia Anderson,Engineering,94000,San Diego
2891,Alice Johnson,Engineering,85000,New York
2892,Bob Smith,Marketing,62000,Chicago
2893,Charlie Brown,Finance,71000,Houston
2894,Diana Miller,Engineering,88000,Seattle
2895,Ethan Davis,HR,56000,Boston
2896,Fiona Wilson,Engineering,91000,San Francisco
2897,George Taylor,Marketing,64000,Denver
2898,Hannah Moore,Finance,73000,Austin
2899,Ian Thomas,HR,59000,Miami
2900,Julia Anderson,Engineering,94000,San Diego
2901,Alice Johnson,Engineering,85000,New York
2902,Bob Smith,Marketing,62000,Chicago
2903,Charlie Brown,Finance,71000,Houston
2904,Diana Miller,Engineering,88000,Seattle
2905,Ethan Davis,HR,56000,Boston
2906,Fiona Wilson,Engineering,91000,San Francisco
2907,George Taylor,Marketing,64000,Denver
2908,Hannah Moore,Finance,73000,Austin
2909,Ian Thomas,HR,59000,Miami
2910,Julia Anderson,Engineering,94000,San Diego
2911,Alice Johnson,Engineering,85000,New York
2912,Bob Smith,Marketing,62000,Chicago
2913,Charlie Brown,Finance,71000,Houston
2914,Diana Miller,Engineering,88000,Seattle
2915,Ethan Davis,HR,56000,Boston
2916,Fiona Wilson,Engineering,91000,San Francisco
2917,George Taylor,Marketing,64000,Denver
2918,Hannah Moore,Finance,73000,Austin
2919,Ian Thomas,HR,59000,Miami
2920,Julia Anderson,Engineering,94000,San Diego
2921,Alice Johnson,Engineering,85000,New York
2922,Bob Smith,Marketing,62000,Chicago
2923,Charlie Brown,Finance,71000,Houston
2924,Diana Miller,Engineering,88000,Seattle
2925,Ethan Davis,HR,56000,Boston
2926,Fiona Wilson,Engineering,91000,San Francisco
2927,George Taylor,Marketing,64000,Denver
2928,Hannah Moore,Finance,73000,Austin
2929,Ian Thomas,HR,59000,Miami
2930,Julia Anderson,Engineering,94000,San Diego
2931,Alice Johnson,Engineering,85000,New York
2932,Bob Smith,Marketing,62000,Chicago
2933,Charlie Brown,Finance,71000,Houston
2934,Diana Miller,Engineering,88000,Seattle
2935,Ethan Davis,HR,56000,Boston
2936,Fiona Wilson,Engineering,91000,San Francisco
2937,George Taylor,Marketing,64000,Denver
2938,Hannah Moore,Finance,73000,Austin
2939,Ian Thomas,HR,59000,Miami
2940,Julia Anderson,Engineering,94000,San Diego
2941,Alice Johnson,Engineering,85000,New York
2942,Bob Smith,Marketing,62000,Chicago
2943,Charlie Brown,Finance,71000,Houston
2944,Diana Miller,Engineering,88000,Seattle
2945,Ethan Davis,HR,56000,Boston
2946,Fiona Wilson,Engineering,91000,San Francisco
2947,George Taylor,Marketing,64000,Denver
2948,Hannah Moore,Finance,73000,Austin
2949,Ian Thomas,HR,59000,Miami
2950,Julia Anderson,Engineering,94000,San Diego
2951,Alice Johnson,Engineering,85000,New York
2952,Bob Smith,Marketing,62000,Chicago
2953,Charlie Brown,Finance,71000,Houston
2954,Diana Miller,Engineering,88000,Seattle
2955,Ethan Davis,HR,56000,Boston
2956,Fiona Wilson,Engineering,91000,San Francisco
2957,George Taylor,Marketing,64000,Denver
2958,Hannah Moore,Finance,73000,Austin
2959,Ian Thomas,HR,59000,Miami
2960,Julia Anderson,Engineering,94000,San Diego
2961,Alice Johnson,Engineering,85000,New York
2962,Bob Smith,Marketing,62000,Chicago
2963,Charlie Brown,Finance,71000,Houston
2964,Diana Miller,Engineering,88000,Seattle
2965,Ethan Davis,HR,56000,Boston
2966,Fiona Wilson,Engineering,91000,San Francisco
2967,George Taylor,Marketing,64000,Denver
2968,Hannah Moore,Finance,73000,Austin
2969,Ian Thomas,HR,59000,Miami
2970,Julia Anderson,Engineering,94000,San Diego
2971,Alice Johnson,Engineering,85000,New York
2972,Bob Smith,Marketing,62000,Chicago
2973,Charlie Brown,Finance,71000,Houston
2974,Diana Miller,Engineering,88000,Seattle
2975,Ethan Davis,HR,56000,Boston
2976,Fiona Wilson,Engineering,91000,San Francisco
2977,George Taylor,Marketing,64000,Denver
2978,Hannah Moore,Finance,73000,Austin
2979,Ian Thomas,HR,59000,Miami
2980,Julia Anderson,Engineering,94000,San Diego
2981,Alice Johnson,Engineering,85000,New York
2982,Bob Smith,Marketing,62000,Chicago
2983,Charlie Brown,Finance,71000,Houston
2984,Diana Miller,Engineering,88000,Seattle
2985,Ethan Davis,HR,56000,Boston
2986,Fiona Wilson,Engineering,91000,San Francisco
2987,George Taylor,Marketing,64000,Denver
2988,Hannah Moore,Finance,73000,Austin
2989,Ian Thomas,HR,59000,Miami
2990,Julia Anderson,Engineering,94000,San Diego
2991,Alice Johnson,Engineering,85000,New York
2992,Bob Smith,Marketing,62000,Chicago
2993,Charlie Brown,Finance,71000,Houston
2994,Diana Miller,Engineering,88000,Seattle
2995,Ethan Davis,HR,56000,Boston
2996,Fiona Wilson,Engineering,91000,San Francisco
2997,George Taylor,Marketing,64000,Denver
2998,Hannah Moore,Finance,73000,Austin
2999,Ian Thomas,HR,59000,Miami
3000,Julia Anderson,Engineering,94000,San Diego
